siparis_id,musteri_id,musteri_adi,cinsiyet,yas,sehir,ilce,urun_id,urun_adi,kategori,marka,fiyat,adet,indirim_orani,kargo_ucreti,odeme_tipi,siparis_durumu,tarih,teslim_tarihi,toplam_harcama,musteri_puani,sadakat_seviyesi,kampanya_kodu,urun_puani,yorum_sayisi
100001,278,Arifcan Öcalan,Erkek,37,İzmir,Konak,5012,Zara Oversize Ceket,Giyim,Zara,1211.06,2,5,0.0,Kredi Kartı,Tamamlandı,01-03-2025 19:59:47,04-03-2025 04:59:47,2301.01,3.9,Gold,,4.4,23
100002,63,Toktuğ Ertaş,Erkek,40,İstanbul,Kartal,5051,Fisher-Price Aktivite Masası,Oyuncak,Fisher-Price,1019.65,1,120,0.0,Havale/EFT,Tamamlandı,31-06-2025 11:11:11,27-09-2024 12:48:02,1699.68,5.0,Bronze,,3.7,12
100003,367,Esenbay Şama,Erkek,38,Ankara,Yenimahalle,5026,Bioderma Sensibio Micellar Su,Kozmetik,Bioderma,400.17,5,0,0.0,Havale/EFT,Tamamlandı,04-02-2026 18:30:16,10-02-2026 22:30:16,2000.85,3.1,Platinum,,4.6,172
100004,213,Ercihan Arsoy,Erkek,41,Ankara,Etimesgut,5017,Puma Smash V2,Ayakkabı,Puma,2074.38,1,0,0.0,Havale/EFT,İade,15-10-2025 05:24:36,19-10-2025 22:24:36,2074.38,4.9,Bronze,,3.8,33
100005,283,Arıpınar Demir,Kadın,47,Kayseri,Kocasinan,5029,Madame Coco Halı,Ev & Yaşam,Madame Coco,2132.85,3,30,0.0,Kredi Kartı,Tamamlandı,26-07-2025 01:35:20,30-07-2025 00:35:20,4478.98,3.9,Gold,,5.8,11
100006,198,Razı Hayrioğlu,Erkek,46,Kocaeli,İzmit,5031,Tarz Mobilya Sehpa,Ev & Yaşam,Tarz,2368.34,1,150,0.0,Kredi Kartı,Tamamlandı,25-08-2025 03:37:49,30-08-2025 17:37:49,1776.26,3.8,Bronze,INDIRIM10,4.1,16
100007,336,Ünal Akar,Kadın,47,Kocaeli,İzmit,5030,Bellona Yatak Örtüsü Seti,Ev & Yaşam,Bellona,1012.61,1,10,0.0,Kredi Kartı,Tamamlandı,03-05-2025 19:25:42,08-05-2025 05:25:42,911.35,2.9,Silver,,4.3,285
100008,278,Arifcan Öcalan,Erkek,37,İstanbul,Beşiktaş,5015,Nike Air Max 270,Ayakkabı,Nike,4320.51,4,30,0.0,Havale/EFT,Tamamlandı,09-09-2024 23:04:26,16-09-2024 02:04:26,12097.43,3.9,Gold,,2.9,0
100009,15,Gürten Dumanlı,Kadın,27,İstanbul,Kadıköy,5018,Skechers Yürüyüş Ayakkabısı,Ayakkabı,Skechers,2086.77,1,0,0.0,Kredi Kartı,Tamamlandı,02-12-2024 06:11:20,04-12-2024 08:11:20,2086.77,3.9,Bronze,,3.9,30
100010,318,Şemsinisa Şensoy,Kadın,22,Konya,Meram,5058,Torku Zeytinyağı 5L,Süpermarket,Torku,845.79,1,10,0.0,Kredi Kartı,Tamamlandı,20-09-2025 10:28:20,27-09-2025 03:28:20,761.21,3.1,Bronze,KARGOBEDAVA,4.1,5
100011,301,Gücal Ülker,Erkek,42,Ankara,Mamak,5044,Prima Bebek Bezi Jumbo Paket,Anne & Bebek,Prima,337.51,3,0,0.0,Kredi Kartı,Tamamlandı,29-01-2025 13:53:06,04-02-2025 00:53:06,1551.89,3.5,Bronze,,3.7,128
100012,12,Şazime Yıldırım,Kadın,34,Kocaeli,Gebze,5017,Puma Smash V2,Ayakkabı,Puma,1505.67,3,15,0.0,Dijital Cüzdan,İptal,22-10-2025 10:25:12,25-10-2025 05:25:12,3839.46,3.2,Bronze,,3.8,-18
100013,326,Müşüre Çorlu,Kadın,54,İstanbul,Bakırköy,5043,Faber-Castell Boya Kalemi Seti,Kitap & Hobi,Faber-Castell,248.23,3,10,29.99,Havale/Eft,İptal,31-04-2025 09:15:00,27-03-2026 15:26:07,700.21,4.8,Bronze,HOSGELDIN15,3.7,205
100014,47,Saba Gül,Erkek,26,Denizli,Merkezefendi,5047,Mamas & Papas Bebek Bavulu,Anne & Bebek,Mamas & Papas,2132.4,1,15,0.0,Kapıda Ödeme,Tamamlandı,27-10-2025 09:55:20,03-11-2025 14:55:20,1812.54,3.9,Gold,KARGOBEDAVA,3.7,10
100015,174,Muvaffak Arslan,Erkek,18,Mersin,Toroslar,5004,Sony WH-1000XM4 Kulaklık,Elektronik,Sony,7309.67,5,20,0.0,Havale/EFT,İade,23-12-2025 13:19:02,25-12-2025 01:19:02,29238.68,3.3,Bronze,MAYIS25,4.8,83
100016,233,İnançlı Aslan,Erkek,32,Ankara,Yenimahalle,5037,Decathlon Kamp Çadırı,Spor & Outdoor,Decathlon,1504.82,9999,5,0.0,Havale/EFT,Tamamlandı,25-02-2026 20:26:24,01-03-2026 15:26:24,2859.16,4.0,Bronze,YAZ2026,4.5,16
100017,238,Selime Durmuş,Kadın,52,Denizli,Merkezefendi,5041,Can Yayınları Roman Seti,Kitap & Hobi,Can Yayınları,281.66,1,25,-39.99,Dijital Cüzdan,Tamamlandı,27-01-2025 19:34:17,30-01-2025 07:34:17,251.24,4.0,Bronze,,3.6,30
100018,357,Ferinaz Korutürk,Kadın,28,Kocaeli,Gebze,5037,Decathlon Kamp Çadırı,Spor & Outdoor,Decathlon,-1793.82,1,5,0.0,Kredi Kartı,TAMAMLANDI,23-07-2025 10:11:06,25-07-2025 08:11:06,1704.13,4.3,Silver,KARGOBEDAVA,4.5,13
100019,121,Görklü Gülen,Erkek,25,Samsun,İlkadım,5043,Faber-Castell Boya Kalemi Seti,Kitap & Hobi,Faber-Castell,197.75,10000,10,0.0,Kredi Kartı,Tamamlandı,04-10-2024 16:33:20,06-10-2024 13:33:20,711.9,4.0,Silver,SEPET50,3.7,212
100020,11,Elhan Zorlu,Erkek,50,İstanbul,Maltepe,5015,Nike Air Max 270,Ayakkabı,Nike,4785.47,3,0,-36.93572741788621,Kapıda Ödeme,Tamamlandı,22-01-2026 07:51:45,29-01-2026 14:51:45,14356.41,4.0,Silver,INDIRIM10,2.9,5
100021,2,Aral Korutürk,Kadın,41,Ankara,Keçiören,5008,LC Waikiki Kadın Triko Kazak,Giyim,LC Waikiki,358.04,3,0,0.0,Kapıda Ödeme,Tamamlandı,02-06-2025 08:39:46,26-05-2025 08:39:46,1074.12,5.0,Bronze,HOSGELDIN15,3.6,11
100022,65,Berki Yüksel,Erkek,35,Gaziantep,Şehitkamil,5047,Mamas & Papas Bebek Bavulu,Anne & Bebek,Mamas & Papas,1850.85,1,5,0.0,Havale/EFT,Tamamlandı,13-01-2025 22:23:43,15-01-2025 21:23:43,1758.31,3.8,Silver,,3.7,16
100023,267,Bozerk Çetin,Erkek,33,Ankara,Çankaya,5003,"LG 55"" 4K Smart TV",Elektronik,LG,19493.64,3,5,0.0,Kredi Kartı,Tamamlandı,29-08-2025 02:40:32,30-08-2025 12:40:32,55556.87,3.4,Silver,,3.9,244
100024,65,Berki Yüksel,erkek,35,ankara,Etimesgut,5035,Fakir Robot Süpürge,Mutfak,Fakir,4710.66,1,-20,0.0,Kredi Kartı,Tamamlandı,15-08-2025 03:36:39,23-08-2025 01:36:39,4239.59,3.8,Silver,SEPET50,4.7,48
100025,283,Arıpınar Demir,Kadın,47,Gaziantep,Şehitkamil,5027,IKEA MALM Çalışma Masası,Ev & Yaşam,IKEA,2951.55,1,0,0.0,Kredi Kartı,Tamamlandı,06-09-2024 11:22:46,10-09-2024 21:22:46,2951.55,7,Gold,,4.3,37
100026,79,Şahdiye Ertaş,Kadın,54,Konya,Meram,5004,Sony WH-1000XM4 Kulaklık,Elektronik,Sony,7200.69,1,5,0.0,Havale/EFT,Tamamlandı,12-10-2024 20:15:24,14-10-2024 14:15:24,6840.66,4.4,Bronze,,4.8,90
100027,169,Koçak Akçay,Erkek,24,Konya,Meram,5022,Flormar Likit Fondöten,Kozmetik,Flormar,237.36,4,5,0.0,Dijital Cüzdan,Tamamlandı,22-03-2025 21:51:36,26-03-2025 08:51:36,901.97,3.9,Bronze,MAYIS25,4.3,90
100028,80,Risalet Eraslan,Erkek,20,adana,Seyhan,5054,Fossil Kol Saati,Aksesuar,Fossil,3373.15,3,5,0.0,Kapıda Ödeme,Tamamlandı,14-08-2025 20:25:26,22-08-2025 15:25:26,9613.48,4.5,Bronze,,4.7,20
100029,286,Ayduru Sakarya,Kadın,34,İstanbul,,,Apple iPhone 13 128GB,,Apple,36443.33,2,0,0.0,Kredi Kartı,Tamamlandı,25-10-2024 20:37:08,01-11-2024 08:37:08,72886.66,5.0,Gold,SEPET50,4.1,64
100030,16,İnsaf Aslan,Kadın,27,İstanbul,Pendik,5013,Pull&Bear Kapüşonlu Sweatshirt,Giyim,Pull&Bear,612.86,1,0,39.99,Havale/EFT,Tamamlandı,03-01-2026 21:42:28,04-01-2026 22:42:28,652.85,5.0,Silver,MAYIS25,4.7,10
100031,346,Ayyaruk Durmuş,Kadın,30,İstanbul,Beylikdüzü,5042,İş Bankası Kültür Yayınları Klasik Set,Kitap & Hobi,İş Bankası Kültür Yayınları,406.0,2,5,0.0,Kredi Kartı,Tamamlandı,20-05-2025 15:39:09,22-05-2025 00:39:09,771.4,4.8,Bronze,,4.1,7
100032,250,Akçabay Akçay,Erkek,24,Bursa,Nilüfer,5002,Xiaomi Redmi Note 12,Elektronik,Xiaomi,8771.81,5,0,-12.758257834456744,Kredi Kartı,İade,19-10-2024 09:18:11,22-10-2024 19:18:11,43859.05,3.3,bronze,KARGOBEDAVA,5.0,125
100033,90,Adila Gül,Kadın,31,İstanbul,Pendik,5045,Huggies Islak Mendil 12li,Anne & Bebek,Huggies,279.91,2,10,39.99,Kredi Kartı,İptal,14-07-2024 15:52:56,16-07-2024 05:52:56,543.83,5.0,Gold,,3.8,-3
100034,295,Vildane İhsanoğlu,Kadın,43,İzmir,Buca,5045,Huggies Islak Mendil 12li,Anne & Bebek,Huggies,333.22,1,5,39.99,Kredi Kartı,İade,15-09-2025 13:10:28,17-09-2025 02:10:28,356.55,3.6,Bronze,,3.8,155
100035,224,Deniz Korutürk,Kadın,38,Antalya,Kepez,5005,Lenovo IdeaPad 3 Dizüstü Bilgisayar,Elektronik,Lenovo,19572.48,1,0,0.0,Kredi Kartı,Tamamlandı,05-11-2025 23:03:18,07-11-2025 15:03:18,19572.48,3.5,Gold,,3.5,32
100036,180,İde Korutürk,Kadın,37,Gaziantep,Şehitkamil,5015,Nike Air Max 270,Ayakkabı,Nike,3633.65,1,-20,0.0,Kredi Kartı,Tamamlandı,17-08-2024 06:26:58,25-08-2024 02:26:58,3633.65,3.6,BRONZE,,2.9,5
100037,297,Yelesen Akça,Erkek,39,İzmir,Çiğli,5041,Can Yayınları Roman Seti,Kitap & Hobi,Can Yayınları,327.06,2,20,39.99,Kredi Kartı,Tamamlandı,27-08-2025 22:59:16,31-08-2025 06:59:16,563.29,4.3,Silver,,3.6,25
100038,260,Risalet Yıldırım,Kadın,35,İstanbul,Beylikdüzü,5028,English Home Nevresim Takımı,Ev & Yaşam,English Home,613.16,5000,0,19.99,Havale/EFT,Tamamlandı,17-09-2025 21:07:44,23-09-2025 20:07:44,633.15,4.6,Bronze,,-1,59
100848,293,Hürüyet Türk,Kadın,36,Adana,Çukurova,5038,Nike Pro Antrenman Tayt,Spor & Outdoor,Nike,742.69,1,0,19.99,Kapıda Ödeme,İptal,02-06-2026 03:04:13,07-06-2026 23:04:13,1989.6,4.2,Bronze,INDIRIM10,4.0,-9
100040,225,Çağlar Manço,Kadın,28,Bursa,Yıldırım,5010,Mavi Jeans Skinny Kot Pantolon,Giyim,Mavi,727.36,4,5,0.0,Kapıda Ödeme,Tamamlandı,24-07-2024 22:58:11,31-07-2024 08:58:11,2763.97,3.5,Silver,YAZ2026,4.5,-14
100041,348,Döner Ertaş,Kadın,40,Ankara,Yenimahalle,5046,Chicco Bebek Arabası,Anne & Bebek,Chicco,-6203.13,5,10,0.0,Kredi Kartı,Tamamlandı,11-04-2026 05:08:57,14-04-2026 14:08:57,50463.87,3.9,Gold,,4.2,321
100042,201,Kaver Gülen,Kadın,18,İstanbul,Beşiktaş,5019,Bambi Hakiki Deri Bot,Ayakkabı,Bambi,1591.25,2,0,0.0,Kredi Kartı,Tamamlandı,03-05-2026 19:09:55,05-05-2026 15:09:55,3182.5,3.7,Silver,,6.2,71
100043,186,Ferhan Yorulmaz,Kadın,34,İstanbul,Bakırköy,5011,DeFacto Basic Tişört,Giyim,DeFacto,215.12,1,150,-29.99,Kredi Kartı,Tamamlandı,19-08-2024 10:46:10,26-08-2024 13:46:10,212.84,4.4,Bronze,,3.6,23
100044,379,Oluş Akçay,Kadın,39,Trabzon,Ortahisar,5042,İş Bankası Kültür Yayınları Klasik Set,,İş Bankası Kültür Yayınları,384.19,3,0,0.0,Kredi Kartı,Tamamlandı,11-05-2026 22:44:45,19-05-2026 03:44:45,1152.57,4.2,Gold,,4.1,0
100045,211,Hindal Akgündüz,Erkek,56,Ankara,Keçiören,5028,English Home Nevresim Takımı,Ev & Yaşam,English Home,813.71,3,15,0.0,Kredi Kartı,Tamamlandı,24-09-2025 07:03:50,28-09-2025 04:03:50,2074.96,5.0,Gold,,4.0,59
100046,237,Kadınana Aksu,Kadın,18,Kayseri,Kocasinan,5032,Karaca Tost Makinesi,Mutfak,Karaca,910.98,5,15,0.0,Kapıda Ödeme,Tamamlandı,12-02-2025 01:53:59,18-02-2025 16:53:59,3871.66,4.9,Bronze,,4.2,-10
100047,53,Öge Öcalan,Erkek,32,Gaziantep,Şehitkamil,5018,Skechers Yürüyüş Ayakkabısı,Ayakkabı,Skechers,1867.1,1,5,0.0,Kredi Kartı,İptal,02-09-2024 08:05:02,06-09-2024 19:05:02,1773.74,4.3,Silver,,3.9,30
100048,,Aynilhayat Gül,Kadın,45,Ankara,Yenimahalle,5015,Nike Air Max 270,Ayakkabı,Nike,4002.02,1,0,0.0,kredi kartı,Tamamlandı,02-06-2026 23:39:51,06-06-2026 03:39:51,4002.02,4.7,Bronze,hosgeldin15!!,2.9,3
100049,357,Ferinaz Korutürk,Kadın,28,Eskişehir,Tepebaşı,5028,English Home Nevresim Takımı,Ev & Yaşam,English Home,815.37,4,0,0.0,Kredi Kartı,Tamamlandı,15-06-2026 22:10:07,21-06-2026 11:10:07,3261.48,4.3,Silver,HOSGELDIN15,4.0,55
100128,155,Zehranur Dumanlı,Kadın,40,İstanbul,Şişli,5026,Bioderma Sensibio Micellar Su,Kozmetik,Bioderma,376.67,2,0,0.0,Kapıda Ödeme,Tamamlandı,00-13-2025 25:61:61,07-12-2025 16:35:54,753.34,4.0,Silver,,4.6,170
100051,150,Canur Yorulmaz,Kadın,42,İzmir,Çiğli,5022,Flormar Likit Fondöten,Kozmetik,Flormar,174.06,1,10,19.99,Kredi Kartı,Tamamlandı,21-11-2025 19:48:33,27-11-2025 11:48:33,176.64,4.5,BRONZE,,4.3,93
100052,241,Dilfeza Erdoğan,Kadın,32,İstanbul,Ataşehir,5023,Maybelline Maskara,Kozmetik,Maybelline,205.37,9999,15,-39.99,Kredi Kartı,Tamamlandı,15-09-2024 21:11:11,22-09-2024 07:11:11,214.55,3.5,Bronze,HOSGELDIN15,4.4,8
100053,174,Muvaffak Arslan,Erkek,18,Eskişehir,Odunpazarı,5053,Guess Kadın Çanta,Aksesuar,Guess,3512.89,1,10,0.0,Havale/EFT,İptal,,06-08-2024 01:39:48,3161.6,3.3,Bronze,INDIRIM10,4.1,10
100054,162,Aliihsan Şensoy,Erkek,5,Kocaeli,Gebze,5052,Pierre Cardin Cüzdan,Aksesuar,Pierre Cardin,612.91,1,15,29.99,Kredi Kartı,İptal,19-07-2024 23:52:28,23-07-2024 07:52:28,550.96,9.5,Platinum,HOSGELDIN15,5.0,102
100055,205,Benice Yılmaz,Kadın,35,Gaziantep,Şahinbey,5021,L'Oréal Paris Revitalift Serum,Kozmetik,L'Oréal,544.74,1,5,39.99,Kapıda Ödeme,Tamamlandı,20-08-2024 15:40:40,25-08-2024 20:40:40,557.49,4.4,Bronze,,3.1,179
100056,53,Öge Öcalan,Erkek,-5,İstanbul,Bakırköy,5019,Bambi Hakiki Deri Bot,Ayakkabı,Bambi,1512.14,2,0,0.0,Kredi Kartı,Tamamlandı,15-06-2026 12:50:10,21-06-2026 01:50:10,3024.28,6,Silver,YAZ2026,4.4,64
100057,344,Cansin Sezgin,Erkek,31,Adana,Çukurova,5032,Karaca Tost Makinesi,Mutfak,Karaca,1020.44,2,25,0.0,Kredi Kartı,Tamamlandı,23-08-2025 01:16:01,25-08-2025 03:16:01,1530.66,3.9,Bronze,SEPET50,4.2,171
100058,186,Ferhan Yorulmaz,Kadın,34,Ankara,Etimesgut,5002,Xiaomi Redmi Note 12,Elektronik,Xiaomi,10117.83,2,25,0.0,Kredi Kartı,Tamamlandı,09-01-2026 05:00:47,14-01-2026 16:00:47,15176.74,0,Bronze,SEPET50,5.0,123
100059,128,Efser Zengin,Erkek,18,Kocaeli,İzmit,5047,Mamas & Papas Bebek Bavulu,,Mamas & Papas,,2,20,0.0,Kredi Kartı,Tamamlandı,22-05-2026 16:14:53,25-05-2026 11:14:53,3118.14,3.8,Bronze,KARGOBEDAVA,3.7,9
100972,63,Toktuğ Ertaş,Erkek,40,İstanbul,Beşiktaş,5028,English Home Nevresim Takımı,Ev & Yaşam,English Home,660.43,2,30,0.0,Kapıda Ödeme,İade,24-04-2025 12:38:57,30-04-2025 14:38:57,924.6,5.0,Bronze,,4.0,56
100061,154,Dalkılıç Akar,E,48,Samsun,İlkadım,5050,Barbie Rüya Evi,Oyuncak,Barbie,2969.94,1,30,0.0,Kapıda Ödeme,Tamamlandı,19-10-2025 00:57:25,22-10-2025 17:57:25,2078.96,3.7,Silver,,3.9,73
100062,283,,Kadın,47,İstanbul,Beşiktaş,5004,Sony WH-1000XM4 Kulaklık,Elektronik,Sony,7680.44,5,10,0.0,Kredi Kartı,Tamamlandı,10-01-2026 02:41:06,12-01-2026 12:41:06,34561.98,7,Gold,,4.8,89
100063,239,Yalgın Şafak,erkek,40,Konya,Meram,5008,LC WAIKIKI KADIN TRIKO KAZAK,Giyim,LC Waikiki,425.59,3,10,0.0,Kredi Kartı,İade,18-08-2025 18:18:31,19-08-2025 21:18:31,1149.09,4.3,Gold,,3.6,15
100064,85,Sadittin İnönü,Erkek,-5,İstanbul,Şişli,5022,Flormar Likit Fondöten,Kozmetik,Flormar,244.75,2,0,19.99,Kredi Kartı,Tamamlandı,17-12-2025 09:59:32,14-12-2025 09:59:32,509.49,3.6,,MAYIS25,4.3,88
100065,258,,Erkek,27,Adana,Seyhan,5010,Mavi Jeans Skinny Kot Pantolon,,Mavi,830.56,2,10,0.0,Kapıda Ödeme,Tamamlandı,30-06-2024 02:57:26,01-07-2024 22:57:26,1495.01,4.6,,,4.5,500000
100066,334,Benice Ertaş,Kadın,31,İstanbul,Kartal,5026,Bioderma Sensibio Micellar Su,Kozmetik,Bioderma,374.17,1,20,39.99,Havale/EFT,Tamamlandı,06-02-2025 14:47:07,10-02-2025 04:47:07,339.33,5.0,Silver,YAZ2026,4.6,170
100067,226,Esenbay Arslan,erkek,33,İzmir,Buca,5013,Pull&Bear Kapüşonlu Sweatshirt,Giyim,Pull&Bear,602.06,1,20,39.99,Havale/EFT,İptal,,17-07-2025 20:45:39,521.64,4.7,Gold,,8,15
100068,124,Baykan Yüksel,Erkek,28,İzmir,Karşıyaka,5028,English Home Nevresim Takımı,Ev & Yaşam,English Home,686.77,1,0,49.99,Kapıda Ödeme,Tamamlandı,11-11-2024 11:55:17,17-11-2024 10:55:17,736.76,3.7,Silver,INDIRIM10,4.0,59
100069,264,Tüzeer Bilge,Erkek,150,İzmir,Karşıyaka,5031,Tarz Mobilya Sehpa,Ev & Yaşam,Tarz,1520.86,4,5,0.0,Dijital Cüzdan,Tamamlandı,28-05-2025 01:46:17,29-05-2025 10:46:17,5779.27,4.1,Silver,,4.1,20
100070,345,Verde Ertaş,Kadın,41,İzmir,Çiğli,5000,Samsung Galaxy A54 128GB,Elektronik,Samsung,21235.86,1,20,0.0,Havale/EFT,Tamamlandı,10-06-2025 01:38:50,14-06-2025 02:38:50,16988.69,4.4,Silver,,3.6,37
100071,186,Ferhan Yorulmaz,Kadın,34,Bursa,Osmangazi,5024,Nivea Nemlendirici Krem,Kozmetik,Nivea,125.3,3,0,19.99,Kredi Kartı,Tamamlandı,18-06-2025 12:20:44,23-06-2025 23:20:44,395.89,4.4,Bronze,,4.4,30
100072,309,Sabır Ülker,Kadın,35,Bursa,Yıldırım,5002,Xiaomi Redmi Note 12,Elektronik,Xiaomi,8158.56,1,0,0.0,Kredi Kartı,Tamamlandı,11-02-2026 18:46:08,14-02-2026 04:46:08,8158.56,4.5,Silver,,5.0,124
100073,84,Us Akgündüz,Erkek,43,Ankara,Etimesgut,5047,Mamas & Papas Bebek Bavulu,Anne & Bebek,Mamas & Papas,2474.08,2,5,0.0,Kredi Kartı,Tamamlandı,29-12-2025 10:54:54,02-01-2026 10:54:54,,5.0,Bronze,SEPET50,3.7,7
100074,214,Fenni Aksu,Erkek,23,Antalya,Kepez,5055,Casio Dijital Kol Saati,Aksesuar,Casio,1312.83,1,5,0.0,Dijital Cüzdan,Tamamlandı,14-01-2026 21:01:51,17-01-2026 20:01:51,1247.19,4.5,Gold,KARGOBEDAVA,3.0,43
100972,269,Akver Akdeniz,Erkek,24,Adana,Çukurova,5009,Koton Erkek Slim Fit Kot Pantolon,Giyim,Koton,,1,10,19.99,Kredi Kartı,Tamamlandı,03-08-2025 05:30:48,08-08-2025 03:30:48,601.84,3.9,Silver,MAYIS25,5.0,11
100076,242,Faize Duran,Kadın,18,Trabzon,Ortahisar,5045,Huggies Islak Mendil 12li,Anne & Bebek,Huggies,267.95,1,0,49.99,Kredi Kartı,Tamamlandı,25-11-2024 16:44:09,01-12-2024 02:44:09,317.94,4.2,Gold,,3.8,162
100077,370,Eriş Manço,Kadın,52,Konya,Meram,5039,Adidas Spor Çanta,Spor & Outdoor,Adidas,893.67,5,0,0.0,Kredi Kartı,i̇ade,01-04-2025 10:31:20,07-04-2025 16:31:20,4468.35,4.7,Bronze,,4.0,14
100078,163,Salami Karadeniz,Erkek,22,İzmir,Çiğli,5059,Pınar Süt 1L 12li Koli,Süpermarket,Pınar,315.41,2,0,49.99,Kapıda Ödeme,Tamamlandı,20-05-2025 05:19:58,23-05-2025 06:19:58,680.81,3.4,Gold,SEPET50,4.7,121
100079,178,Gülev Arslan,Kadın,33,Denizli,Merkezefendi,5047,Mamas & Papas Bebek Bavulu,Anne & Bebek,Mamas & Papas,2183.26,1,5,0.0,dijital cüzdan,Tamamlandı,,25-10-2024 02:58:36,2074.1,3.5,Platinum,,3.7,9
100080,26,Nazende Tevetoğlu,Kadın,37,Adana,Seyhan,5040,Under Armour Koşu Tişörtü,Spor & Outdoor,Under Armour,508.21,1,0,49.99,,Tamamlandı,06-06-2024 20:02:15,09-06-2024 09:02:15,558.2,3.9,Silver,,4.7,99999
100081,245,Çalım Manço,Kadın,52,Adana,Çukurova,5020,Greyder Klasik Erkek Ayakkabı,Ayakkabı,Greyder,1071.25,1,15,0.0,Havale/EFT,Tamamlandı,11-06-2026 01:21:28,13-06-2026 14:21:28,910.56,4.6,Silver,,4.1,11
100082,19,Fermuta Sezer,Kadın,36,Kocaeli,Gebze,5050,Barbie Rüya Evi,Oyuncak,Barbie,3144.0,4,25,0.0,Dijital Cüzdan,İptal,10-06-2024 10:51:50,16-06-2024 05:51:50,9432.0,,Bronze,hosgeldin15!!,3.9,70
100083,233,İnançlı Aslan,,32,Kocaeli,Gebze,5056,Ülker Albeni 12li Paket,Süpermarket,Ülker,88.16,3,5,29.99,Kapıda Ödeme,Tamamlandı,19-06-2026 16:42:30,26-06-2026 00:42:30,281.25,4.0,Bronze,,4.2,48
100084,378,İSMET SEVEN,Erkek,23,Ankara,Yenimahalle,5036,Korkmaz Tencere Seti,Mutfak,Korkmaz,2941.84,1,10,0.0,Havale/EFT,Tamamlandı,12-08-2025 18:45:38,15-08-2025 20:45:38,2647.66,5.0,Platinum,,4.0,11
100085,95,Teber Hançer,Erkek,24,Kocaeli,Gebze,5020,Greyder Klasik Erkek Ayakkabı,Ayakkabı,Greyder,1461.5,1,5,0.0,Kredi Kartı,Tamamlandı,04-05-2025 10:59:36,10-05-2025 09:59:36,1388.42,3.2,Bronze,,4.1,13
100086,335,Kıvılcım Akgündüz,Erkek,18,Ankara,Keçiören,5003,"LG 55"" 4K Smart TV",Elektronik,LG,330142.57,1,,0.0,Havale/EFT,İade,22-05-2026 11:19:20,28-05-2026 14:19:20,18005.04,4.8,Gold,,3.9,247
100087,189,Behiza Tevetoğlu,Kadın,43,Antalya,muratpaşa,5008,LC Waikiki Kadın Triko Kazak,Giyim,LC Waikiki,6555.67,1,30,39.99,Kredi Kartı,Tamamlandı,26-09-2025 19:34:13,04-10-2025 16:34:13,281.94,4.2,Silver,,3.6,14
100088,349,Emiş Sezgin,Kadın,37,,Melikgazi,5033,Tefal Airfryer,Mutfak,Tefal,3080.77,2,0,,Havale/EFT,,13-12-2025 18:24:15,16-12-2025 12:24:15,,3.3,Bronze,,3.1,59
100592,168,Noman Bilir,Erkek,44,Samsun,atakum,5007,Casper Excalibur Oyuncu Bilgisayarı,Elektronik,Casper,32483.25,2,5,0.0,Kapıda Ödeme,Tamamlandı,27-07-2024 16:30:32,30-07-2024 08:30:32,61718.18,4.0,Bronze,,5.0,84
100090,30,Bayzettin İhsanoğlu,Erkek,37,Bursa,Yıldırım,5051,Fisher-Price Aktivite Masası,Oyuncak,Fisher-Price,1054.08,1,0,0.0,Kredi Kartı,Tamamlandı,14-08-2024 01:38:56,18-08-2024 12:38:56,1054.08,4.7,,,3.7,13
100091,31,Karlukhan Çorlu,Erkek,28,Kocaeli,İzmit,5059,Pınar Süt 1L 12li Koli,Süpermarket,Pınar,4762.19,1,0,29.99,Kapıda Ödeme,İade,24-03-2026 15:18:17,28-03-2026 03:18:17,313.03,4.0,Silver,,4.7,126
100092,193,Üge Yüksel,Kadın,25,İstanbul,Pendik,5008,LC Waikiki Kadın Triko Kazak,Giyim,LC Waikiki,5776.59,1,,49.99,Kredi Kartı,Tamamlandı,15-01-2025 00:07:35,22-01-2025 00:07:35,430.7,4.2,Silver,,3.6,18
100093,345,Verde Ertaş,Kadın,41,Gaziantep,Şahinbey,5034,Arzum Çay Makinesi,Mutfak,Arzum,1089.64,1,5,0.0,Kredi Kartı,,13-06-2026 04:06:30,,1035.16,4.4,Silver,,3.2,51
100094,124,Baykan Yüksel,Erkek,28,,Beşiktaş,5038,Nike Pro Antrenman Tayt,Spor & Outdoor,Nike,610.07,2,,0.0,Kredi Kartı,Tamamlandı,17-07-2025 15:58:55,,1098.13,3.7,Silver,YAZ2026,4.0,11
100095,258,Buhari Sezgin,Erkek,27,Kocaeli,İzmit,5052,Pierre Cardin Cüzdan,Aksesuar,Pierre Cardin,724.92,2,10,0.0,Kapıda Ödeme,İptal,29-01-2025 10:59:12,,1304.86,4.6,Silver,,5.0,102
100096,154,Dalkılıç Akar,Erkek,48,Ankara,Etimesgut,5060,Nestlé Nescafe Gold 200gr,Süpermarket,Nestlé,339.17,2,0,49.99,Havale/EFT,Tamamlandı,19-05-2025 23:25:20,26-05-2025 11:25:20,728.33,3.7,Silver,,3.6,18
100408,357,Ferinaz Korutürk,Kadın,28,İzmir,Bornova,5019,Bambi Hakiki Deri Bot,Ayakkabı,,1463.52,3,5,0.0,Kapıda Ödeme,Tamamlandı,26-05-2026 05:15:20,02-06-2026 19:15:20,4171.03,4.3,Silver,,4.4,71
100098,212,Behiza Akgündüz,Kadın,31,Kocaeli,İzmit,5024,Nivea Nemlendirici Krem,Kozmetik,Nivea,107.0,1,10,49.99,Kapıda Ödeme,Tamamlandı,12-06-2026 06:56:06,13-06-2026 14:56:06,146.29,4.7,Silver,MAYIS25,4.4,36
100099,21,Laika Manço,Kadın,42,Trabzon,Ortahisar,5051,Fisher-Price Aktivite Masası,Oyuncak,Fisher-Price,1280.85,2,10,0.0,Kredi Kartı,İptal,07-05-2025 11:02:19,08-05-2025 17:02:19,2305.53,4.2,Silver,,3.7,6
100100,246,melihcan yaman,Erkek,33,Denizli,Pamukkale,5025,Golden Rose Ruj,Kozmetik,Golden Rose,134.91,2,15,49.99,Kredi Kartı,Tamamlandı,12-04-2025 09:31:23,16-04-2025 01:31:23,279.34,5.0,Bronze,,4.8,128
100101,51,Çolpan Bilgin,Kadın,18,Mersin,Toroslar,5048,Lego City Polis Seti,oyuncak,Lego,1303.84,4,5,0.0,Kredi Kartı,Tamamlandı,13-01-2025 05:18:46,14-01-2025 13:18:46,4954.59,3.8,Bronze,,4.9,34
100102,297,Yelesen Akça,Erkek,39,Gaziantep,Şahinbey,5009,Koton Erkek Slim Fit Kot Pantolon,Giyim,Koton,458.86,1,10,29.99,Kredi Kartı,Tamamlandı,03-05-2026 12:17:25,07-05-2026 03:17:25,-442.96,4.3,Silver,,5.0,12
100103,379,Oluş Akçay,Kadın,39,İzmir,Bornova,5046,Chicco Bebek Arabası,Anne & Bebek,Chicco,6089.95,1,10,0.0,Kredi Kartı,İptal,08-12-2025 23:22:03,10-12-2025 15:22:03,5480.95,4.2,Gold,YAZ2026,,321
100104,25,Aytek Ergül,Erkek,37,Kayseri,Kocasinan,5008,LC Waikiki Kadın Triko Kazak,Giyim,LC Waikiki,418.51,1,10,19.99,Kredi Kartı,Tamamlandı,01-08-2024 22:29:40,08-08-2024 19:29:40,396.65,3.0,Bronze,,3.6,
100105,338,Pürçek Yüksel,Kadın,,,Konak,5034,Arzum Çay Makinesi,Mutfak,Arzum,1175.82,1,5,0.0,Kredi Kartı,İade,18.06.2024 18:17:06,25-06-2024 15:17:06,1117.03,3.6,Bronze,,,53
100106,55,Atanur Sezgin,Kadın,36,Denizli,Pamukkale,5015,Nike Air Max 270,Ayakkabı,Nike,3749.51,2,15,0.0,Kredi Kartı,Tamamlandı,18-06-2025 14:46:58,23-06-2025 08:46:58,6374.17,4.1,Gold,SEPET50,2.9,0
100107,154,Dalkılıç Akar,Erkek,,Konya,Selçuklu,5041,Can Yayınları Roman Seti,Kitap & Hobi,Can Yayınları,398.33,2,0,0.0,Kredi Kartı,Tamamlandı,01-10-2025 02:02:35,07-10-2025 02:02:35,796.66,3.7,Silver,,3.6,21
100108,256,Fehmiye İhsanoğlu,Kadın,36,Samsun,Atakum,5036,Korkmaz Tencere Seti,Mutfak,Korkmaz,79667.64,5,20,,Dijital Cüzdan,Tamamlandı,10-05-2026 20:38:09,15-05-2026 04:38:09,13100.24,4.1,Bronze,YAZ2026,4.0,20
100109,144,Gülev Sakarya,Kadın,32,Trabzon,Ortahisar,5011,DeFacto Basic Tişört,GIYIM,DeFacto,212.88,,25,29.99,Kapıda Ödeme,Tamamlandı,13-07-2025 02:48:04,16-07-2025 07:48:04,189.65,4.5,Silver,,3.6,24
100110,200,Minibe Yüksel,Kadın,32,Konya,Meram,5024,Nivea Nemlendirici Krem,Kozmetik,Nivea,142.89,1,30,19.99,Kredi Kartı,İade,25-07-2024 03:33:23,29-07-2024 10:33:23,120.01,4.8,Silver,,4.4,32
100111,310,Nurmelek Tarhan,Kadın,39,Kayseri,Kocasinan,5049,Hot Wheels Araba Seti 10lu,Oyuncak,Hot Wheels,481.59,2,15,0.0,Kredi Kartı,Tamamlandı,19-12-2025 13:40:07,23-12-2025 18:40:07,818.7,4.2,Bronze,,3.4,90
100112,195,Aygönenç Mansız,Kadın,44,İstanbul,Kartal,5018,Skechers Yürüyüş Ayakkabısı,Ayakkabı,Skechers,2438.44,2,0,0.0,Kredi Kartı,Tamamlandı,12-03-2026 05:37:01,18-03-2026 17:37:01,4876.88,3.8,Silver,YAZ2026,3.9,25
100113,3,Evcimen Yüksel,Erkek,,Kocaeli,Gebze,5023,Maybelline Maskara,Kozmetik,Maybelline,256.13,,0,49.99,Kredi Kartı,Tamamlandı,23-07-2025 03:45:38,24-07-2025 05:45:38,306.12,4.0,Gold, YAZ2026 ,4.4,9
100114,307,Galip Durmuş,Erkek,37,Mersin,Toroslar,5000,Samsung Galaxy A54 128GB,Elektronik,Samsung,18459.24,1,0,0.0,Dijital Cüzdan,İptal,04-02-2025 20:49:27,10-02-2025 01:49:27,18459.24,3.4,Bronze,,3.6,36
100115,72,Okseven Çorlu,Erkek,18,Ankara,Yenimahalle,5031,Tarz Mobilya Sehpa,Ev & Yaşam,Tarz,1631.34,1,0,0.0,Kredi Kartı,Tamamlandı,05-06-2025 09:09:50,08-06-2025 08:09:50,-1631.34,4.2,Bronze,,4.1,19
100116,316,Gülözge Şafak,Kadın,18,İstanbul,Beşiktaş,5008,LC Waikiki Kadın Triko Kazak,Giyim,LC Waikiki,310.93,4,0,0.0,Havale/EFT,İptal,04-05-2025 16:01:40,08-05-2025 05:01:40,1243.72,,Platinum,,3.6,21
100117,305,Kösemen Hayrioğlu,Erkek,18,İstanbul,Maltepe,5038,Nike Pro Antrenman Tayt,Spor & Outdoor,Nike,884.18,1,0,0.0,Dijital Cüzdan,İade,26-03-2025 23:02:35,31-03-2025 17:02:35,884.18,5.0,Bronze,,4.0,14
100118,193,Üge Yüksel,Kadın,25,Ankara,Mamak,5023,Maybelline Maskara,Kozmetik,Maybelline,191.39,2,10,29.99,Havale/EFT,Tamamlandı,15-06-2026 16:48:25,21-06-2026 22:48:25,374.49,4.2,Silver,,4.4,4
100119,355,Tuğçe Şafak,Kadın,18,İstanbul,Ataşehir,5043,Faber-Castell Boya Kalemi Seti,Kitap & Hobi,Faber-Castell,214.91,2,0,29.99,Havale/EFT,Tamamlandı,15-08-2024 16:21:00,21-08-2024 07:21:00,459.81,5.0,Silver,,3.7,211
100120,260,Risalet Yıldırım,,35,Denizli,Merkezefendi,5034,Arzum Çay Makinesi,Mutfak,Arzum,918.38,5,10,0.0,Kapıda Ödeme,Tamamlandı,27-08-2024 03:58:55,03-09-2024 10:58:55,4132.71,4.6,Bronze,,3.2,56
100121,,Ertuncay Öcalan,Erkek,24,Adana,Seyhan,5036,Korkmaz Tencere Seti,Mutfak,Korkmaz,3281.97,2,5,0.0,Kapıda Ödeme,İade,15-08-2025 03:51:26,16-08-2025 06:51:26,6235.74,3.6,Silver,MAYIS25,4.0,18
100122,286,Ayduru Sakarya,Kadın,34,Antalya,Kepez,5014,Boyner Klasik Gömlek,Giyim,Boyner,461.44,1,15,29.99,Kredi Kartı,Tamamlandı,16-09-2024 10:45:22,20-09-2024 12:45:22,422.21,5.0,Gold,SEPET50,4.4,0
100123,179,Duracan Yorulmaz,Erkek,33,Ankara,MAMAK,5050,Barbie Rüya Evi,Oyuncak,Barbie,2768.93,1,5,0.0,Kredi Kartı,Tamamlandı,23.04.2025 02:26:44,26-04-2025 03:26:44,2630.48,3.9,Gold,,3.9,67
100124,12,Şazime Yıldırım,Kadın,34,Samsun,İlkadım,5043,Faber-Castell Boya Kalemi Seti,Kitap & Hobi,Faber-Castell,254.01,4,15,0.0,Kredi Kartı,Tamamlandı,05.05.2025 20:23:00,10-05-2025 10:23:00,863.63,3.2,Bronze,KARGOBEDAVA,3.7,213
100125,95,Teber Hançer,Erkek,24,İstanbul,Ataşehir,5025,Golden Rose Ruj,Kozmetik,Golden Rose,81.75,2,0,49.99,Kredi Kartı,Tamamlandı,28-12-2024 10:08:03,05-01-2025 08:08:03,213.49,3.2,Bronze,,4.8,122
100126,296,Zemzem Tarhan,Kadın,34,İstanbul,Pendik,5011,DeFacto Basic Tişört,Giyim,,156.58,1,0,49.99,Kredi Kartı,Tamamlandı,02-02-2026 14:08:59,08-02-2026 02:08:59,206.57,3.8,Gold,,3.6,20
100127,181,Zeyno Yorulmaz,Kadın,39,Samsun,İlkadım,5052,Pierre Cardin Cüzdan,Aksesuar,Pierre Cardin,652.08,3,20,0.0,Havale/EFT,Tamamlandı,17-04-2025 04:17:28,19-04-2025 13:17:28,1564.99,5.0,Bronze,HOSGELDIN15,5.0,98
100128,262,Güçlüer Çetin,Erkek,26,Ankara,Etimesgut,5008,LC Waikiki Kadın Triko Kazak,Giyim,LC Waikiki,364.96,1,5,29.99,Havale/EFT,Tamamlandı,22-10-2024 06:48:43,25-10-2024 20:48:43,376.7,4.4,Gold,,3.6,16
100129,5,Zamir Sakarya,Erkek,150,İzmir,Bornova,5052,Pierre Cardin Cüzdan,Aksesuar,Pierre Cardin,565.18,2,10,0.0,Kredi Kartı,Tamamlandı,29-05-2026 16:09:36,22-05-2026 16:09:36,2251.28,4.4,Bronze,YAZ2026,5.0,99
100130,150,Canur Yorulmaz,Kadın,42,İstanbul,Şişli,5034,Arzum Çay Makinesi,Mutfak,Arzum,1044.34,3,10,0.0,Kapıda Ödeme,Tamamlandı,06-11-2025 04:07:18,11-11-2025 07:07:18,2819.72,4.5,Bronze,MAYIS25,3.2,56
100131,278,Arifcan Öcalan,Erkek,37,Eskişehir,,5048,Lego City Polis Seti,Oyuncak,Lego,1231.39,2,30,0.0,Kredi Kartı,İptal,09-02-2025 10:50:21,11-02-2025 00:50:21,1723.95,3.9,Gold,YAZ2026,4.9,32
100132,61,Dolun Şensoy,Erkek,42,Kayseri,Melikgazi,5013,Pull&Bear Kapüşonlu Sweatshirt,Giyim,Pull&Bear,743.21,2,5,0.0,Havale/EFT,Tamamlandı,17-11-2024 22:26:00,20-11-2024 04:26:00,4152.88,3.6,Gold,,4.7,10
100133,292,Seydo Akar,ERKEK,40,Ankara,Yenimahalle,5038,Nike Pro Antrenman Tayt,Spor & Outdoor,Nike,-761.63,1,10,0.0,Kredi Kartı,Tamamlandı,09-11-2025 03:28:01,11-11-2025 16:28:01,685.47,5.0,Bronze,,4.0,13
100134,336,Ünal Akar,Kadın,47,İstanbul,Üsküdar,5015,,Ayakkabı,Nike,3690.12,1,0,0.0,Kapıda Ödeme,Tamamlandı,24-10-2024 21:01:24,31-10-2024 05:01:24,3690.12,2.9,Silver,,2.9,2
100135,232,Temuçin Şafak,Erkek,26,İstanbul,Beşiktaş,5025,,Kozmetik,Golden Rose,110.94,1,25,39.99,Kredi Kartı,Tamamlandı,17-01-2026 00:05:24,24-01-2026 23:05:24,123.19,4.2,Bronze,KARGOBEDAVA,4.8,131
100136,341,Çapkan Bilge,Erkek,41,Konya,Selçuklu,5050,Barbie Rüya Evi,Oyuncak,Barbie,3194.75,1,5,0.0,Kredi Kartı,tamamlandı,18-03-2025 12:17:50,24-03-2025 06:17:50,3035.01,3.4,Silver,KARGOBEDAVA,3.9,71
100137,,Nabil Ülker,Erkek,44,Kayseri,Melikgazi,5006,Huawei MatePad 11 Tablet,Elektronik,Huawei,11066.39,3,0,-12.103346008419697,DIJITAL CÜZDAN,Tamamlandı,11-09-2025 00:01:28,15-09-2025 06:01:28,33199.17,4.0,Platinum,,4.0,29
100138,333,Nerim Mansız,Erkek,26,Ankara,Yenimahalle,5005,Lenovo IdeaPad 3 Dizüstü Bilgisayar,Elektronik,Lenovo,21254.82,1,5,0.0,Dijital Cüzdan,Tamamlandı,11-07-2025 22:46:39,15-07-2025 21:46:39,20192.08,4.2,Bronze,,3.5,30
100139,220,Çevregül Hançer,Kadın,18,Adana,Seyhan,5000,Samsung Galaxy A54 128GB,Elektronik,Samsung,18067.11,1,10,0.0,Kredi Kartı,Tamamlandı,09-06-2024 12:30:32,16-06-2024 15:30:32,16260.4,4.1,Silver,,3.6,40
100140,356,Zülbiye Dumanlı,Kadın,36,İstanbul,Beşiktaş,5014,Boyner Klasik Gömlek,Giyim,Boyner,445.77,2,0,0.0,Kredi Kartı,İptal,19-10-2024 13:56:04,22-10-2024 09:56:04,891.54,4.0,Silver,,4.4,0
100141,36,Tuğtaş Bilgin,Erkek,37,Bursa,Osmangazi,5039,Adidas Spor Çanta,Spor & Outdoor,Adidas,960.01,1,10,0.0,Havale/EFT,Tamamlandı,27-07-2025 22:25:50,03-08-2025 12:25:50,864.01,5.0,Gold,,4.0,8
100142,52,Mübetcel Karadeniz,Kadın,30,İstanbul,Beşiktaş,5037,Decathlon Kamp Çadırı,Spor & Outdoor,Decathlon,1784.01,1,5,0.0,Kapıda Ödeme,Tamamlandı,23-03-2026 03:04:02,25-03-2026 20:04:02,1694.81,3.6,Silver,,4.5,15
100143,146,Memili Ergül,Erkek,31,Kayseri,Melikgazi,5054,Fossil Kol Saati,Aksesuar,Fossil,4555.31,4,0,0.0,Havale/EFT,Tamamlandı,07-07-2025 10:45:37,13-07-2025 11:45:37,18221.24,3.8,Bronze,,4.7,13
100144,254,Özalpsan Durmuş,Erkek,27,Ankara,Keçiören,5031,Tarz Mobilya Sehpa,Ev & Yaşam,Tarz,2074.27,1,20,0.0,Kredi Kartı,Tamamlandı,21-04-2025 04:48:19,25-04-2025 22:48:19,1659.42,3.6,Silver,,4.1,18
100145,350,Nabil Ülker,Erkek,44,İstanbul,Beylikdüzü,5049,Hot Wheels Araba Seti 10lu,Oyuncak,Hot Wheels,418.25,2,0,0.0,Kredi Kartı,İade,13-07-2025 18:26:42,17-07-2025 14:26:42,836.5,4.0,Platinum,,3.4,-5
100146,217,Menişan Mansız,Kadın,31,Konya,Selçuklu,5040,Under Armour Koşu Tişörtü,Spor & Outdoor,Under Armour,584.14,2,0,0.0,Kredi Kartı,tamamlandı,26-12-2024 05:39:25,31-12-2024 15:39:25,1168.28,5.5,Bronze,SEPET50,4.7,95
100147,349,Emiş Sezgin,Kadın,37,Adana,Çukurova,5044,Prima Bebek Bezi Jumbo Paket,Anne & Bebek,prima,365.62,5,0,0.0,Kredi Kartı,İade,27-09-2024 16:30:24,03-10-2024 11:30:24,1828.1,3.3,Bronze,SEPET50,3.7,134
100148,,Öktürk Zengin,Erkek,24,İstanbul,Kadıköy,5045,Huggies Islak Mendil 12li,Anne & Bebek,Huggies,267.84,1,150,39.99,Kredi Kartı,Tamamlandı,09-06-2026 09:26:20,11-06-2026 20:26:20,294.44,4.5,Silver,HOSGELDIN15,3.8,153
100149,16,İnsaf Aslan,Kadın,27,Ankara,Mamak,5017,Puma Smash V2,Ayakkabı,Puma,1866.7,1,25,0.0,Havale/EFT,Tamamlandı,06-11-2025 13:06:42,08-11-2025 04:06:42,1400.03,5.0,Silver,,3.8,30
100150,189,Behiza Tevetoğlu,Kadın,43,İstanbul,,5057,Eti Crax Kraker 24lü Kutu,Süpermarket,Eti,190.17,2,0,19.99,Kredi Kartı,İptal,06-02-2025 01:40:26,10-02-2025 12:40:26,400.33,9.5,Silver,INDIRIM10,4.6,49
100151,19,Fermuta Sezer,Kadın,36,BURSA,Yıldırım,5047,Mamas & Papas Bebek Bavulu,Anne & Bebek,Mamas & Papas,2324.56,1,0,0.0,dijital cüzdan,Tamamlandı,19-08-2024 20:48:32,22-08-2024 23:48:32,2324.56,2.9,Bronze,,3.7,6
100152,92,Tomurcuk İnönü,Kadın,22,İstanbul,Pendik,5002,Xiaomi Redmi Note 12,Elektronik,Xiaomi,11339.28,1,5,0.0,Kredi Kartı,İptal,02-05-2025 03:08:42,07-05-2025 17:08:42,10772.32,4.4,Bronze,INDIRIM10,5.0,123
100153,289,Minibe Şafak,Kadın,36,Mersin,Yenişehir,5029,Madame Coco Halı,Ev & Yaşam,Madame Coco,-1568.27,5,30,0.0,Kapıda Ödeme,Tamamlandı,31-04-2025 09:15:00,14-12-2025 08:55:29,5488.94,4.6,Silver,,2.8,5
100154,120,Denizalp Demirel,Erkek,26,Bursa,Yıldırım,5053,Guess Kadın Çanta,Aksesuar,Guess,3401.5,1,0,0.0,Kapıda Ödeme,Tamamlandı,15-06-2026 11:11:46,16-06-2026 17:11:46,3401.5,4.6,Silver,,4.1,13
100093,215,Metinkaya Karadeniz,Erkek,45,İzmir,,5009,Koton Erkek Slim Fit Kot Pantolon,Giyim,Koton,613.5,1,20,49.99,Havale/EFT,Tamamlandı,26-08-2024 21:08:42,28-08-2024 13:08:42,540.79,3.0,Gold,KARGOBEDAVA,5.0,3
100156,304,Mevlüdiye Ülker,Kadın,25,Antalya,Konyaaltı,5042,,Kitap & Hobi,İş Bankası Kültür Yayınları,541.05,1,0,39.99,Dijital Cüzdan,Tamamlandı,01-05-2025 11:34:48,05-05-2025 19:34:48,581.04,3.4,Silver,INDIRIM10,4.1,0
100157,300,Münezzer Mansız,Kadın,29,İstanbul,Beşiktaş,5010,Mavi Jeans Skinny Kot Pantolon,Giyim,Mavi,757.35,1,0,0.0,Kredi Kartı,Tamamlandı,06-09-2025 11:13:30,10-09-2025 19:13:30,757.35,4.3,Silver,,4.5,22
100158,81,Saydam Bilge,Erkek,23,Mersin,Toroslar,5052,Pierre Cardin Cüzdan,Aksesuar,Pierre Cardin,661.41,2,0,0.0,Kapıda Ödeme,Tamamlandı,30-05-2026 09:02:14,02-06-2026 21:02:14,1322.82,4.6,Silver,,0,106
100159,154,Dalkılıç Akar,Erkek,48,Ankara,Keçiören,5001,Apple iPhone 13 128GB,Elektronik,APPLE,42616.77,3,10,0.0,Havale/EFT,Tamamlandı,13-09-2024 05:05:22,14-09-2024 05:05:22,115065.28,3.7,Silver,INDIRIM10,4.1,56
100160,102,Güngördü Soylu,Erkek,45,Eskişehir,Tepebaşı,5043,Faber-Castell Boya Kalemi Seti,Kitap & Hobi,Faber-Castell,231.94,2,10,39.99,Dijital Cüzdan,Tamamlandı,06-08-2024 07:11:59,12-08-2024 21:11:59,457.48,4.7,Bronze,,3.7,204
100161,170,Altoğan Aksu,Erkek,38,İstanbul,Beylikdüzü,5003,"LG 55"" 4K Smart TV",Elektronik,LG,15755.95,2,15,0.0,Kredi Kartı,Tamamlandı,01-05-2026 15:32:03,04-05-2026 02:32:03,26785.12,3.8,Gold,INDIRIM10,3.9,247
100162,144,Gülev Sakarya,Kadın,32,İzmir,Bornova,5002,Xiaomi Redmi Note 12,Elektronik,Xiaomi,10149.37,2,10,0.0,Kredi Kartı,İptal,04-10-2025 02:13:12,05-10-2025 10:13:12,18268.87,4.5,Silver,KARGOBEDAVA,5.0,122
100163,330,Ümmet Akar,Erkek,36,Trabzon,,5040,Under Armour Koşu Tişörtü,Spor & Outdoor,Under Armour,698.52,2,0,0.0,Kredi Kartı,Tamamlandı,05-10-2025 19:49:31,13-10-2025 10:49:31,1397.04,4.0,Silver,MAYIS25,4.7,93
100164,165,Çağdan Akdeniz,Erkek,40,Ankara,Keçiören,5001,Apple iPhone 13 128GB,Elektronik,Apple,37551.02,1,20,0.0,Kapıda Ödeme,Tamamlandı,27-09-2025 19:16:33,01-10-2025 13:16:33,30040.82,4.5,Bronze,,4.1,56
100165,52,Mübetcel Karadeniz,Kadın,30,İstanbul,Şişli,5017,Puma Smash V2,Ayakkabı,Puma,1873.58,3,15,0.0,Kapıda Ödeme,İade,11-01-2026 14:08:31,14-01-2026 19:08:31,4777.63,3.6,Silver,MAYIS25,3.8,33
100166,378,İsmet Seven,Erkek,23,konya,Selçuklu,5045,Huggies Islak Mendil 12li,Anne & Bebek,Huggies,341.07,9999,10,0.0,Havale/EFT,Tamamlandı,18-10-2025 19:44:17,22-10-2025 00:44:17,1227.85,5.0,Platinum,,3.8,153
100167,29,Sevim Duran,Kadın,0,İstanbul,Şişli,5001,Apple iPhone 13 128GB,Elektronik,Apple,39211.59,1,20,0.0,Kredi Kartı,Tamamlandı,05-06-2026 06:27:40,12-06-2026 16:27:40,31369.27,3.9,Gold,INDIRIM10,4.1,63
100168,361,Kısmet Öcalan,Kadın,37,Denizli,Pamukkale,5054,Fossil Kol Saati,Aksesuar,Fossil,4042.07,1,0,0.0,Havale/EFT,Tamamlandı,22-01-2026 03:40:42,25-01-2026 12:40:42,4042.07,3.1,Silver,INDIRIM10,4.7,16
100169,328,Hasret Tarhan,Kadın,62,Kocaeli,Gebze,5011,DeFacto Basic Tişört,Giyim,DeFacto,190.72,2,20,39.99,Kredi Kartı,Tamamlandı,27-11-2024 13:46:35,01-12-2024 12:46:35,345.14,4.1,Bronze,,3.6,17
100170,91,Yelesen Eraslan,Erkek,40,Gaziantep,Şahinbey,5054,Fossil Kol Saati,Aksesuar,Fossil,4790.85,5,0,0.0,Havale/EFT,İade,17-02-2026 08:02:33,24-02-2026 02:02:33,23954.25,7,Bronze,KARGOBEDAVA,4.7,12
100171,170,Altoğan Aksu,ERKEK,38,Gaziantep,Şehitkamil,5022,Flormar Likit Fondöten,Kozmetik,Flormar,248.24,1,20,19.99,Kapıda Ödeme,Tamamlandı,17-06-2026 12:13:27,21-06-2026 12:13:27,218.58,3.8,Gold,INDIRIM10,4.3,88
100172,180,İde Korutürk,Kadın,37,İSTANBUL,Beşiktaş,5046,Chicco Bebek Arabası,Anne & Bebek,Chicco,4502.56,1,15,0.0,Dijital Cüzdan,İptal,18-10-2025 13:47:18,22-10-2025 06:47:18,3827.18,3.6,Bronze,KARGOBEDAVA,4.2,320
100173,334,Benice Ertaş,KADIN,31,Kayseri,Melikgazi,5010,Mavi Jeans Skinny Kot Pantolon,Giyim,Mavi,757.95,3,0,0.0,Kredi Kartı,Tamamlandı,16-09-2024 02:42:05,19-09-2024 07:42:05,2273.85,5.0,Silver,,4.5,23
100174,375,Münezzer Duran,Kadın,27,İstanbul,Beşiktaş,5021,L'Oréal Paris Revitalift Serum,Kozmetik,L'Oréal,468.81,2,5,0.0,Kredi Kartı,İade,16-11-2024 22:06:42,21-11-2024 03:06:42,890.74,3.3,Gold,HOSGELDIN15,3.1,177
100175,98,Karaer İnönü,Erkek,35,İzmir,,5046,Chicco Bebek Arabası,Anne & Bebek,Chicco,6351.15,2,10,0.0,Kredi Kartı,Tamamlandı,08-07-2025 20:49:03,14-07-2025 11:49:03,11432.07,4.3,Silver,HOSGELDIN15,4.2,311
100176,219,Risalet Yılmaz,Erkek,51,İstanbul,Kartal,5030,Bellona Yatak Örtüsü Seti,Ev & Yaşam,Bellona,779.87,1,0,0.0,Kredi Kartı,Tamamlandı,27-09-2024 11:13:36,04-10-2024 23:13:36,779.87,3.3,Silver,,4.3,288
100177,136,Eşref Ülker,Erkek,49,İstanbul,Pendik,5024,Nivea Nemlendirici Krem,Kozmetik,Nivea,102.94,4,5,49.99,Kredi Kartı,Tamamlandı,25-02-2025 08:14:14,04-03-2025 16:14:14,441.16,3.2,Silver,,4.4,29
100178,357,Ferinaz Korutürk,Kadın,28,Adana,Seyhan,5042,İş Bankası Kültür Yayınları Klasik Set,Kitap & Hobi,İş Bankası Kültür Yayınları,385.95,2,25,0.0,Havale/EFT,Tamamlandı,02-07-2025 19:01:35,07-07-2025 12:01:35,578.92,4.3,Silver,,4.1,5
100179,294,Seblâ Yılmaz,Kadın,28,Trabzon,Akçaabat,5019,Bambi Hakiki Deri Bot,Ayakkabı,Bambi,1255.27,4,10,0.0,Kredi Kartı,İptal,07-01-2026 22:35:00,03-01-2026 22:35:00,4518.97,3.6,Silver,,4.4,70
100180,89,Ferhan Ertaş,Kadın,34,Kocaeli,İzmit,5013,Pull&Bear Kapüşonlu Sweatshirt,Giyim,Pull&Bear,742.54,1,5,49.99,Kredi Kartı,İptal,30-10-2024 21:39:54,03-11-2024 07:39:54,755.4,5.0,Bronze,,4.7,11
100181,45,Benek Tevetoğlu,Kadın,28,Ankara,Mamak,5035,Fakir Robot Süpürge,Mutfak,Fakir,4054.42,1,5,0.0,Kapıda Ödeme,Tamamlandı,01-03-2026 21:23:34,07-03-2026 10:23:34,3851.7,4.4,Bronze,INDIRIM10,4.7,40
100182,291,Barışcan Kısakürek,Erkek,37,Antalya,Muratpaşa,5059,Pınar Süt 1L 12li Koli,Süpermarket,Pınar,257.39,3,15,0.0,Kapıda Ödeme,İptal,26-07-2025 09:37:00,31-07-2025 05:37:00,656.34,3.9,Gold,,4.7,129
100183,243,Aybet Karadeniz,Kadın,25,İstanbul,,5025,Golden Rose Ruj,Kozmetik,Golden Rose,88.63,-5,10,19.99,Kredi Kartı,İptal,09-05-2026 08:38:59,11-05-2026 07:38:59,179.52,3.2,Silver,,4.8,125
100184,191,Hasret Gülen,Kadın,24,İstanbul,Bakırköy,5019,Bambi Hakiki Deri Bot,Ayakkabı,Bambi,1396.24,1,10,0.0,Kredi Kartı,İptal,16-10-2024 10:56:24,20-10-2024 20:56:24,1256.62,3.7,Silver,KARGOBEDAVA,4.4,72
100185,331,,Erkek,27,İstanbul,Beylikdüzü,5013,Pull&Bear Kapüşonlu Sweatshirt,Giyim,Pull&Bear,774.03,1,5,0.0,Kredi Kartı,Tamamlandı,28-07-2024 18:45:37,04-08-2024 23:45:37,735.33,3.8,Bronze,SEPET50,4.7,18
100186,207,,Erkek,18,İstanbul,Pendik,5056,Ülker Albeni 12li Paket,Süpermarket,Ülker,,-1,20,29.99,Kapıda Ödeme,Tamamlandı,11-09-2025 01:50:26,14-09-2025 23:50:26,91.64,4.9,Gold,HOSGELDIN15,4.2,55
100187,259,Ürfettin Akçay,Erkek,39,Ankara,Çankaya,5043,Faber-Castell Boya Kalemi Seti,Kitap & Hobi,Faber-Castell,153.97,1,10,29.99,Dijital Cüzdan,Tamamlandı,17-12-2025 12:44:03,20-12-2025 17:44:03,168.56,3.5,Platinum,,3.7,207
100188,353,Selmin Mansız,Kadın,18,İstanbul,Kadıköy,5024,Nivea Nemlendirici Krem,Kozmetik,Nivea,,3,-20,29.99,Kapıda Ödeme,Tamamlandı,25-04-2026 07:31:36,29-04-2026 03:31:36,268.36,4.5,Gold,,4.4,27
100189,350,Nabil Ülker,Erkek,44,İstanbul,Üsküdar,5041,Can Yayınları Roman Seti,Kitap & Hobi,Can Yayınları,234.64,3,0,39.99,Havale/EFT,Tamamlandı,09-03-2025 15:25:49,14-03-2025 02:25:49,743.91,0,Platinum,,3.6,23
100190,239,Yalgın Şafak,Erkek,40,Ankara,Etimesgut,5052,Pierre Cardin Cüzdan,Aksesuar,Pierre Cardin,637.08,2,0,0.0,Dijital Cüzdan,İade,19-06-2025 20:26:31,26-06-2025 15:26:31,1274.16,4.3,Gold,,5.0,-19
100191,351,Ruhsat Durmuş,Erkek,28,İstanbul,Beşiktaş,5021,L'Oréal Paris Revitalift Serum,Kozmetik,L'Oréal,547.67,2,20,0.0,Kredi Kartı,Tamamlandı,30-03-2026 10:52:43,01-04-2026 14:52:43,876.27,4.7,Silver,,0,177
100192,30,Bayzettin İhsanoğlu,Erkek,37,Mersin,Toroslar,5042,İş Bankası Kültür Yayınları Klasik Set,Kitap & Hobi,İş Bankası Kültür Yayınları,379.9,1,0,49.99,Dijital Cüzdan,Tamamlandı,03-08-2025 14:43:51,08-08-2025 13:43:51,429.89,0,Silver,SEPET50,4.1,7
100193,98,,Erkek,35,Ankara,Keçiören,5043,Faber-Castell Boya Kalemi Seti,Kitap & Hobi,Faber-Castell,219.5,3,20,39.99,Kredi Kartı,İptal,05-04-2026 20:19:30,08-04-2026 05:19:30,566.79,4.3,Silver,INDIRIM10,0,207
100194,372,Vahittin Manço,Erkek,27,Mersin,Yenişehir,5060,Nestlé Nescafe Gold 200gr,Süpermarket,Nestlé,347.97,1,0,39.99,Kredi Kartı,İptal,05-08-2025 12:03:46,08-08-2025 20:03:46,387.96,4.1,Gold,,3.6,20
100195,61,Dolun Şensoy,Erkek,42,İzmir,Çiğli,5037,Decathlon Kamp Çadırı,Spor & Outdoor,Decathlon,1955.44,-1,20,0.0,Kredi Kartı,İptal,,30-06-2025 08:17:26,1564.35,3.6,Gold,INDIRIM10,4.5,8
100196,103,Adlan Demir,Erkek,150,Ankara,Etimesgut,5057,Eti Crax Kraker 24lü Kutu,,Eti,213.46,1,0,29.99,Kapıda Ödeme,Tamamlandı,09-03-2026 06:26:16,13-03-2026 02:26:16,243.45,9.5,Platinum,KARGOBEDAVA,4.6,51
100197,108,Beste Çorlu,Kadın,30,Kayseri,Melikgazi,5036,Korkmaz Tencere Seti,Mutfak,Korkmaz,3040.93,1,15,0.0,Kredi Kartı,Tamamlandı,11-03-2026 15:38:03,16-03-2026 04:38:03,,4.6,Bronze,,4.0,16
100198,3,Evcimen Yüksel,Erkek,31,İstanbul,Şişli,5046,Chicco Bebek Arabası,Anne & Bebek,Chicco,5246.2,1,0,0.0,Kapıda Ödeme,Tamamlandı,24-04-2026 00:09:00,30-04-2026 23:09:00,5246.2,4.0,,sepet50,4.2,316
100199,160,Ünlen Bilge,Erkek,37,İstanbul,Ataşehir,5032,Karaca Tost Makinesi,Mutfak,Karaca,935.47,1,15,0.0,Kredi Kartı,Tamamlandı,16-06-2026 18:56:35,22-06-2026 10:56:35,795.15,4.0,Bronze,SEPET50,4.2,168
100200,176,Çisem Ülker,Kadın,37,Kocaeli,Gebze,,Flormar Likit Fondöten,Kozmetik,Flormar,225.01,1,20,49.99,Kredi Kartı,Tamamlandı,13-10-2024 07:41:21,19-10-2024 07:41:21,230.0,5.0,,,4.3,89
100201,64,Beyda Eraslan,Erkek,23,Ankara,Çankaya,5024,Nivea Nemlendirici Krem,Kozmetik,,151.36,1,5,19.99,Havale/EFT,Tamamlandı,,26-09-2024 23:47:44,163.78,3.8,,YAZ2026,4.4,33
100202,228,Naz Bilir,Kadın,28,Ankara,Etimesgut,5016,Adidas Ultraboost 22,Ayakkabı,Adidas,4711.59,1,10,0.0,Havale/EFT,Tamamlandı,09-04-2026 03:40:35,15-04-2026 19:40:35,4240.43,3.6,Silver,MAYIS25,3.5,260
100203,215,Metinkaya Karadeniz,Erkek,45,Eskişehir,Odunpazarı,5032,Karaca Tost Makinesi,Mutfak,Karaca,987.51,1,0,0.0,Kredi Kartı,Tamamlandı,22-12-2024 09:34:31,30-12-2024 01:34:31,987.51,3.0,Gold,,4.2,171
100204,361,Kısmet Öcalan,Kadın,37,İzmir,Bornova,5002,Xiaomi Redmi Note 12,Elektronik,Xiaomi,9918.49,4,10,0.0,KREDI KARTI,Tamamlandı,14-06-2024 03:14:25,15-06-2024 21:14:25,35706.56,3.1,Silver,,,121
100205,47,Saba Gül,Erkek,26,Kayseri,,5046,Chicco Bebek Arabası,anne & bebek,Chicco,5947.15,4,10,0.0,Kredi Kartı,İade,26-02-2025 16:54:13,27-02-2025 19:54:13,21409.74,3.9,Gold,,4.2,311
100206,149,Yurtgüven Yorulmaz,Erkek,43,Ankara,Yenimahalle,5027,IKEA MALM Çalışma Masası,Ev & Yaşam,IKEA,3238.54,1,,0.0,Kredi Kartı,İptal,11-04-2026 23:33:49,14-04-2026 09:33:49,2752.76,4.3,Silver,KARGOBEDAVA_2026,4.3,41
100207,138,Sakip Yaman,Erkek,23,Trabzon,Ortahisar,5023,Maybelline Maskara,Kozmetik,Maybelline,261.5,-5,5,49.99,Kredi Kartı,Tamamlandı,03-10-2025 15:21:18,,298.42,4.4,Platinum,SEPET50,4.4,0
100208,82,Abdülsamed Tarhan,Erkek,46,İstanbul,Kartal,5030,Bellona Yatak Örtüsü Seti,ev & yaşam,Bellona,1020.91,2,0,0.0,Kredi Kartı,Tamamlandı,30-06-2024 04:45:25,04-07-2024 19:45:25,2041.82,3.6,Silver,KARGOBEDAVA,4.3,285
100209,24,Aydınbey Kısakürek,Erkek,28,İstanbul,Maltepe,5000,Samsung Galaxy A54 128GB,Elektronik,Samsung,20522.84,2,15,0.0,Havale/EFT,Tamamlandı,17-04-2026 12:19:01,23-04-2026 04:19:01,34888.83,4.7,Gold,,3.6,123456
100210,49,Müslum Kısakürek,Erkek,37,İzmir,Bornova,5030,Bellona Yatak Örtüsü Seti,Ev & Yaşam,Bellona,838.3,2,5,0.0,Kapıda Ödeme,Tamamlandı,18-02-2026 01:59:12,19-02-2026 21:59:12,1592.77,4.3,Gold,,4.3,286
100211,241,dilfeza erdoğan,Kadın,32,,İlkadım,5004,Sony WH-1000XM4 Kulaklık,Elektronik,Sony,8653.15,-3,0,0.0,,Tamamlandı,16-12-2025 23:25:20,21-12-2025 11:25:20,8653.15,3.5,Bronze,,4.8,83
100212,236,Elvan Şener,Kadın,30,İzmir,Çiğli,5028,English Home Nevresim Takımı,Ev & Yaşam,English Home,630.81,1,0,49.99,Havale/EFT,Tamamlandı,19-07-2025 15:00:46,21-07-2025 08:00:46,680.8,2.7,Silver,,4.0,53
100213,310,Nurmelek Tarhan,Kadın,39,Kocaeli,Gebze,5056,Ülker Albeni 12li Paket,Süpermarket,Ülker,75.25,1,10,39.99,Kredi Kartı,Tamamlandı,15-01-2025 16:32:46,19-01-2025 09:32:46,107.72,4.2,,,4.2,57
100214,243,Aybet Karadeniz,Kadın,,Gaziantep,Şahinbey,5045,Huggies Islak Mendil 12li,Anne & Bebek,Huggies,308.83,1,10,19.99,Kredi Kartı,İptal,26-03-2025 19:56:26,01-04-2025 06:56:26,297.94,3.2,Silver,,3.8,152
100215,85,Sadittin İnönü,Erkek,31,İzmir,Buca,5006,Huawei MatePad 11 Tablet,Elektronik,Huawei,9839.15,1,0,0.0,Kapıda Ödeme,,13-12-2024 12:18:13,15-12-2024 01:18:13,9839.15,3.6,Gold,SEPET50,4.0,37
100216,302,Edaviye Gül,Kadın,43,İstanbul,Beylikdüzü,5029,Madame Coco Halı,Ev & Yaşam,Madame Coco,1858.46,5,0,0.0,Kredi Kartı,,20-07-2024 20:08:32,,9292.3,4.9,Silver,,2.8,13
100217,91,Yelesen Eraslan,Erkek,40,Konya,Selçuklu,,Chicco Bebek Arabası,Anne & Bebek,Chicco,6130.49,1,10,0.0,Havale/EFT,Tamamlandı,29-06-2025 15:14:35,05-07-2025 13:14:35,5517.44,3.6,Bronze,,4.2,315
100218,204,Sevginur Hayrioğlu,Kadın,22,Kocaeli,Gebze,,English Home Nevresim Takımı,Ev & Yaşam,English Home,881.68,1,10,0.0,Kapıda Ödeme,Tamamlandı,20-05-2026 19:56:42,28-05-2026 05:56:42,793.51,4.0,Silver,,4.0,60
100219,324,Atgun Arslan,Erkek,18,İstanbul,Şişli,5039,Adidas Spor Çanta,Spor & Outdoor,Adidas,985.75,2,20,0.0,Kredi Kartı,Tamamlandı,30-11-2024 18:20:46,06-12-2024 16:20:46,1577.2,,Silver,,4.0,8
100601,181,Zeyno Yorulmaz,Kadın,39,Antalya,Kepez,5036,Korkmaz Tencere Seti,Mutfak,Korkmaz,3236.94,2,10,0.0,Kapıda Ödeme,Tamamlandı,07-08-2025 00:27:53,12-08-2025 03:27:53,5826.49,5.0,Bronze,INDIRIM10,4.0,10
100221,344,Cansin Sezgin,Erkek,31,İstanbul,Bakırköy,5048,Lego City Polis Seti,Oyuncak,Lego,1271.32,5,10,0.0,Kredi Kartı,Tamamlandı,30-03-2025 07:25:38,07-04-2025 00:25:38,5720.94,3.9,Bronze,KARGOBEDAVA,4.9,26
100222,316,Gülözge Şafak,Kadın,18,Samsun,İlkadım,5047,Mamas & Papas Bebek Bavulu,Anne & Bebek,Mamas & Papas,2317.7,1,5,0.0,Kapıda Ödeme,Tamamlandı,11-05-2026 01:42:37,,2201.81,5.0,Platinum,,3.7,16
100223,161,Zümre Sakarya,Kadın,35,Kocaeli,İzmit,5000,Samsung Galaxy A54 128GB,Elektronik,Samsung,20718.35,1,20,0.0,Kapıda Ödeme,Tamamlandı,17-01-2025 23:04:31,24-01-2025 21:04:31,16574.68,4.5,Platinum,,3.6,500000
100224,280,Ufukay Gülen,,38,Gaziantep,Şehitkamil,5049,Hot Wheels Araba Seti 10lu,Oyuncak,Hot Wheels,581.23,1,,19.99,Kredi Kartı,Tamamlandı,09-11-2025 04:20:43,13-11-2025 05:20:43,572.16,3.8,Silver,,3.4,88
100225,136,Eşref Ülker,Erkek,49,İstanbul,Kartal,5054,Fossil Kol Saati,Aksesuar,,3608.03,1,10,0.0,Kredi Kartı,Tamamlandı,27-04-2025 21:43:54,29-04-2025 17:43:54,3247.23,3.2,Silver,,4.7,20
100226,155,Zehranur Dumanlı,Kadın,40,İzmir,Çiğli,5035,Fakir Robot Süpürge,Mutfak,Fakir,4108.75,3,0,0.0,Kredi Kartı,Tamamlandı,09-08-2024 18:23:29,12-08-2024 07:23:29,12326.25,4.0,Silver,,4.7,44
100227,,Ercihan Aksu,Erkek,29,Ankara,Keçiören,5042,İş Bankası Kültür Yayınları Klasik Set,Kitap & Hobi,İş Bankası Kültür Yayınları,382.97,1,0,49.99,Dijital Cüzdan,İptal,27-03-2026 00:19:13,28-03-2026 21:19:13,432.96,3.2,Bronze,INDIRIM10,4.1,8
100228,315,Merim Arslan,Kadın,34,Denizli,Pamukkale,5002,Xiaomi Redmi Note 12,Elektronik,Xiaomi,10388.93,1,20,0.0,Dijital Cüzdan,Tamamlandı,06-12-2025 10:17:50,08-12-2025 02:17:50,8311.14,4.8,Bronze,,5.0,124
100229,264,Tüzeer Bilge,Erkek,18,,Toroslar,5031,Tarz Mobilya Sehpa,Ev & Yaşam,Tarz,1539.47,4,0,0.0,Kredi Kartı,İade,19-11-2024 19:35:13,24-11-2024 19:35:13,-6157.88,,Silver,,4.1,13
100230,344,Cansin Sezgin,Erkek,31,Adana,Seyhan,5055,Casio Dijital Kol Saati,Aksesuar,,1311.24,3,0,0.0,Kapıda Ödeme,İptal,20-08-2025 23:32:26,22-08-2025 22:32:26,3933.72,3.9,Bronze,,3.0,41
100231,236,Elvan Şener,Kadın,30,Gaziantep,Şehitkamil,5005,Lenovo IdeaPad 3 Dizüstü Bilgisayar,Elektronik,Lenovo,17476.11,1,0,0.0,Kredi Kartı,İptal,20-02-2025 14:50:29,25-02-2025 04:50:29,17476.11,2.7,Silver,,3.5,33
100232,162,Aliihsan Şensoy,Erkek,24,İstanbul,Beşiktaş,5034,Arzum Çay Makinesi,Mutfak,Arzum,902.95,2,0,0.0,Havale/EFT,Tamamlandı,14-08-2024 13:01:24,19-08-2024 16:01:24,1805.9,5.0,Platinum,SEPET50,3.2,55
100233,311,Gökperi Mansız,Kadın,25,İstanbul,Beylikdüzü,5024,Nivea Nemlendirici Krem,Kozmetik,Nivea,117.66,2,5,29.99,Kredi Kartı,Tamamlandı,11-12-2025 10:44:23,17-12-2025 14:44:23,253.54,4.4,Bronze,SEPET50,4.4,37
100234,192,Dursadiye Akça,Kadın,18,Kocaeli,İzmit,5035,Fakir Robot Süpürge,Mutfak,Fakir,4987.1,1,0,0.0,Havale/EFT,Tamamlandı,13-12-2025 03:05:57,16-12-2025 09:05:57,4987.1,3.8,Bronze,,4.7,43
100235,109,Sırriye Alemdar,Kadın,25,İzmir,Çiğli,5009,Koton Erkek Slim Fit Kot Pantolon,Giyim,Koton,12880.0,1,15,29.99,Kredi Kartı,Tamamlandı,02-01-2026 01:58:48,09-01-2026 18:58:48,411.04,4.0,Bronze,,5.0,10
100236,38,Şuayp Bilgin,Erkek,18,Ankara,Çankaya,5016,Adidas Ultraboost 22,Ayakkabı,Adidas,4147.3,2,5,,Kredi Kartı,Tamamlandı,03-04-2026 08:32:20,04-04-2026 17:32:20,7879.87,4.6,Platinum,,3.5,261
100237,163,Salami Karadeniz,Erkek,22,İzmir,Karşıyaka,5039,Adidas Spor Çanta,Spor & Outdoor,Adidas,963.77,2,0,0.0,,İptal,13-08-2025 06:08:23,14-08-2025 16:08:23,1927.54,3.4,Gold,INDIRIM10,,17
100238,224,Deniz Korutürk,Kadın,38,Ankara,Yenimahalle,5008,LC Waikiki Kadın Triko Kazak,Giyim,LC Waikiki,385.92,1,5,49.99,Kredi Kartı,Tamamlandı,17-12-2025 03:57:44,19-12-2025 23:57:44,416.61,3.5,Gold,,3.6,15
100239,72,Okseven Çorlu,Erkek,18,Trabzon,Ortahisar,5016,Adidas Ultraboost 22,Ayakkabı,Adidas,5100.32,2,,0.0,Kapıda Ödeme,İptal,09-03-2026 01:08:08,14-03-2026 19:08:08,-9180.58,4.2,Bronze,,3.5,267
100240,109,Sırriye Alemdar,Kadın,25,Denizli,Merkezefendi,5034,Arzum Çay Makinesi,Mutfak,Arzum,1346.99,2,10,0.0,Kredi Kartı,Tamamlandı,25-01-2026 10:35:41,28-01-2026 00:35:41,2424.58,4.0,Bronze,,3.2,52
100241,204,Sevginur Hayrioğlu,Kadın,22,Ankara,Çankaya,5042,İş Bankası Kültür Yayınları Klasik Set,Kitap & Hobi,İş Bankası Kültür Yayınları,359.72,5,30,0.0,Havale/EFT,Tamamlandı,22-10-2024 16:14:47,24-10-2024 21:14:47,1259.02,4.0,Silver,,4.1,7
100242,338,Pürçek Yüksel,Kadın,18,Trabzon,Ortahisar,5047,Mamas & Papas Bebek Bavulu,Anne & Bebek,Mamas & Papas,2385.6,4,0,0.0,Kapıda Ödeme,Tamamlandı,26-02-2025 13:27:02,28-02-2025 14:27:02,9542.4,3.6,Bronze,,,14
100243,185,Şide Fırat,Erkek,35,Ankara,Mamak,5056,Ülker Albeni 12li Paket,Süpermarket,Ülker,61.39,5,0,39.99,Kapıda Ödeme,Tamamlandı,10-12-2025 20:45:32,13-12-2025 08:45:32,346.94,3.6,Bronze,,4.2,53
100244,301,Gücal Ülker,Erkek,42,Adana,Seyhan,5033,Tefal Airfryer,Mutfak,Tefal,2827.06,5,0,0.0,Kredi Kartı,İptal,20-05-2025 17:43:33,25-05-2025 12:43:33,14135.3,3.5,Bronze,INDIRIM10,3.1,64
100245,85,Sadittin İnönü,Erkek,31,İstanbul,Pendik,5041,Can Yayınları Roman Seti,Kitap & Hobi,Can Yayınları,256.16,,0,19.99,Havale/EFT,Tamamlandı,05-05-2025 04:07:35,,276.15,3.6,Gold,,3.6,23
100246,303,Ginyas Zorlu,Erkek,38,,Ataşehir,5001,Apple iPhone 13 128GB,Elektronik,Apple,36949.36,1,10,0.0,Kredi Kartı,Tamamlandı,08-01-2026 05:20:49,09-01-2026 10:20:49,33254.42,5.0,Silver,INDIRIM10,4.1,62
100247,208,Aru Duran,Erkek,37,Antalya,Kepez,5040,under armour koşu tişörtü,Spor & Outdoor,Under Armour,454.66,2,10,0.0,Kredi Kartı,Tamamlandı,03-09-2025 22:04:58,08-09-2025 13:04:58,818.39,3.7,Bronze,KARGOBEDAVA,4.7,94
100248,74,Balatekin Manço,Erkek,20,Mersin,Yenişehir,5039,Adidas Spor Çanta,Spor & Outdoor,Adidas,963.86,1,10,0.0,Kredi Kartı,Tamamlandı,26-01-2026 02:30:23,28-01-2026 14:30:23,867.47,3.3,Bronze,YAZ2026,4.0,7
100249,104,Işıman Akgündüz,Erkek,39,Bursa,Yıldırım,5043,Faber-Castell Boya Kalemi Seti,Kitap & Hobi,Faber-Castell,204.57,1,0,49.99,Dijital Cüzdan,Tamamlandı,27-11-2025 18:19:32,04-12-2025 21:19:32,-254.56,4.4,Bronze,SEPET50,3.7,205
100250,309,sabır ülker,Kadın,35,Bursa,Osmangazi,5057,Eti Crax Kraker 24lü Kutu,Süpermarket,Eti,215.64,2,5,49.99,Kredi Kartı,Tamamlandı,25-11-2025 15:37:04,28-11-2025 06:37:04,459.71,4.5,Silver,,4.6,53
100251,180,İde Korutürk,Kadın,37,Antalya,Kepez,5058,Torku Zeytinyağı 5L,Süpermarket,Torku,890.38,2,,,Kredi Kartı,Tamamlandı,25-01-2025 03:03:06,28-01-2025 22:03:06,1780.76,3.6,Bronze,,4.1,6
100252,132,Eflâtun Erdoğan,Erkek,18,İstanbul,Kadıköy,5036,Korkmaz Tencere Seti,Mutfak,Korkmaz,2774.79,,5,0.0,Kredi Kartı,İptal,24-07-2025 13:11:23,25-07-2025 17:11:23,5272.1,3.5,Gold,,,19
100253,130,Arkut Demirel,Erkek,38,Ankara,Etimesgut,5027,IKEA MALM Çalışma Masası,Ev & Yaşam,IKEA,3064.67,2,30,0.0,Kredi Kartı,Tamamlandı,18-12-2025 20:18:00,23-12-2025 01:18:00,4290.54,4.6,Silver,MAYIS25,4.3,39
100254,130,Arkut Demirel,,38,Kocaeli,Gebze,5049,Hot Wheels Araba Seti 10lu,Oyuncak,Hot Wheels,576.37,2,20,0.0,Havale/EFT,Tamamlandı,01-09-2025 05:53:26,02-09-2025 11:53:26,922.19,4.6,VIP,,,85
100255,282,zehranur şama,Kadın,43,Antalya,Kepez,5045,Huggies Islak Mendil 12li,anne & bebek,Huggies,256.77,1,,19.99,Kapıda Ödeme,Tamamlandı,05-02-2026 15:51:05,,251.08,3.9,Bronze,HOSGELDIN15,3.8,153
100256,312,Özyurt Hançer,Kadın,54,İstanbul,Ataşehir,5059,Pınar Süt 1L 12li Koli,Süpermarket,Pınar,318.91,2,5,19.99,Dijital Cüzdan,İptal,03/18/2026 17:59:57,22-03-2026 17:59:57,625.92,4.9,Bronze,SEPET50,4.7,128
100257,147,Safinaz Seven,Kadın,27,İstanbul,Kartal,5032,Karaca Tost Makinesi,Mutfak,Karaca,906.33,10000,0,0.0,Kredi Kartı,Tamamlandı,01-06-2024 05:43:56,02-06-2024 13:43:56,906.33,4.6,Gold,,4.2,171
100258,343,Mazlum Bilgin,Erkek,20,Ankara,Etimesgut,,Zara Oversize Ceket,Giyim,Zara,1210.65,2,0,0.0,Kredi Kartı,Tamamlandı,25-12-2025 21:13:26,29-12-2025 08:13:26,6191.22,4.5,Bronze,,6.2,20
100259,116,Tamaydın Şafak,Erkek,25,Antalya,Muratpaşa,5029,Madame Coco Halı,Ev & Yaşam,Madame Coco,2129.71,2,0,0.0,Kredi Kartı,Tamamlandı,14-08-2024 18:19:11,18-08-2024 04:19:11,4259.42,4.2,Bronze,,2.8,13
100260,132,Eflâtun Erdoğan,Erkek,18,Trabzon,Akçaabat,5044,Prima Bebek Bezi Jumbo Paket,Anne & Bebek,prima,366.42,1,5,29.99,Kapıda Ödeme,İade,00-13-2025 25:61:61,18-09-2025 16:46:27,378.09,3.5,Gold,,3.7,128
100261,35,Arifcan Türk,Erkek,37,Ankara,Keçiören,5043,Faber-Castell Boya Kalemi Seti,Kitap & Hobi,Faber-Castell,241.15,3,5,39.99,KREDI KARTI,Tamamlandı,25-02-2025 09:02:19,28-02-2025 11:02:19,727.27,3.7,Bronze,SEPET50,3.7,208
100262,39,Cevale Kısakürek,Kadın,34,Bursa,Osmangazi,5030,Bellona Yatak Örtüsü Seti,Ev & Yaşam,Bellona,825.55,1,10,0.0,Kredi Kartı,Tamamlandı,12-12-2024 18:10:04,19-12-2024 00:10:04,742.99,3.9,Bronze,INDIRIM10,4.3,-13
100263,106,Ağbegim Yüksel,Kadın,40,İstanbul,Şişli,5053,Guess Kadın Çanta,Aksesuar,Guess,3304.18,1,0,0.0,Dijital Cüzdan,Tamamlandı,11-04-2026 17:56:14,16-04-2026 17:56:14,3304.18,4.8,Platinum,,4.1,18
100264,22,Doğanşah İnönü,Erkek,32,Samsun,Atakum,5039,Adidas Spor Çanta,Spor & Outdoor,Adidas,826.17,4,20,0.0,Havale/EFT,Tamamlandı,05-12-2024 18:36:35,09-12-2024 06:36:35,2643.74,3.9,BRONZE, MAYIS25 ,4.0,9
100265,28,Aynilhayat Gül,Kadın,45,Bursa,Nilüfer,5030,Bellona Yatak Örtüsü Seti,Ev & Yaşam,Bellona,-1075.86,1,0,0.0,Kapıda Ödeme,Tamamlandı,12-09-2025 04:22:56,11-09-2025 04:22:56,1075.86,4.7,Bronze,,4.3,278
100266,7,Sancak Çorlu,Erkek,36,Konya,Meram,5037,,,Decathlon,1280.6,1,20,0.0,Kredi Kartı,Tamamlandı,03-03-2025 17:09:40,09-03-2025 03:09:40,1024.48,3.0,Silver,KARGOBEDAVA,4.5,12
100267,108,Beste Çorlu,Kadın,30,İzmir,Karşıyaka,5023,Maybelline Maskara,Kozmetik,Maybelline,-265.43,1,0,29.99,Dijital Cüzdan,Tamamlandı,11-09-2024 09:49:42,18-09-2024 16:49:42,295.42,4.6,Bronze,,4.4,6
100268,101,Abdiş Tevetoğlu,Erkek,37,İSTANBUL,Üsküdar,5030,Bellona Yatak Örtüsü Seti,Ev & Yaşam,Bellona,1022.27,1,5,0.0,Dijital Cüzdan,İptal,12-11-2025 19:26:30,16-11-2025 10:26:30,2439.26,4.4,Silver,MAYIS25,4.3,287
100269,25,Aytek Ergül,Erkek,37,Ankara,Keçiören,5003,"LG 55"" 4K Smart TV",Elektronik,LG,15969.6,5000,15,0.0,Kredi Kartı,tamamlandı,22-02-2025 13:08:32,26-02-2025 06:08:32,13574.16,3.0,Bronze,,3.9,247
100270,177,Tagangül Manço,Kadın,43,İstanbul,Beşiktaş,5022,Flormar Likit Fondöten,Kozmetik,Flormar,236.74,5,0,0.0,Havale/EFT,Tamamlandı,26-11-2024 10:21:44,29-11-2024 20:21:44,1183.7,4.0,Silver,,4.3,94
100271,378,İsmet Seven,Erkek,23,İzmir,Konak,5024,Nivea Nemlendirici Krem,Kozmetik,Nivea,132.96,1,-10,29.99,Havale/EFT,İade,06-08-2025 22:59:02,12-08-2025 16:59:02,129.71,5.0,Platinum,,4.4,28
100272,41,Nezize Aksu,Kadın,31,İstanbul,Şişli,5020,Greyder Klasik Erkek Ayakkabı,Ayakkabı,Greyder,-1090.13,1,0,0.0,Havale/EFT,Tamamlandı,30-08-2025 13:13:20,06-09-2025 07:13:20,1090.13,4.3,Bronze,,4.1,16
100273,212,Behiza Akgündüz,Kadın,31,İstanbul,Kadıköy,5008,LC Waikiki Kadın Triko Kazak,Giyim,LC Waikiki,395.55,2,25,0.0,Havale/EFT,Tamamlandı,31-11-2024 16:40:00,19-11-2024 17:27:21,593.33,4.7,Silver,KARGOBEDAVA,3.6,19
100274,28,Aynilhayat Gül,Kadın,45,İstanbul,Ataşehir,5033,Tefal Airfryer,Mutfak,Tefal,3494.5,1,0,0.0,Kredi Kartı,Tamamlandı,05-07-2025 11:15:49,07-07-2025 18:15:49,3494.5,4.7,Bronze,,3.1,64
100275,321,Uluman Bilir,Erkek,30,İstanbul,Pendik,5053,Guess Kadın Çanta,Aksesuar,Guess,2721.79,1,5,0.0,Dijital Cüzdan,İptal,22-09-2025 19:40:55,26-09-2025 12:40:55,2585.7,5.0,Silver,,4.1,18
100276,91,Yelesen Eraslan,Erkek,40,Antalya,Konyaaltı,5040,Under Armour Koşu Tişörtü,Spor & Outdoor,Under Armour,-637.23,4,5,0.0,Havale/EFT,tamamlandı,22-05-2025 17:32:11,28-05-2025 00:32:11,2421.47,3.6,Bronze,,4.7,92
100277,158,Müslum Yüksel,Erkek,48,Ankara,Yenimahalle,5009,Koton Erkek Slim Fit Kot Pantolon,Giyim,Koton,-491.07,1,15,29.99,Kredi Kartı,Tamamlandı,09-06-2024 17:54:38,01-06-2024 17:54:38,447.4,4.1,Gold,KARGOBEDAVA,5.0,6
100278,306,Koşukhan Sezer,Erkek,41,İstanbul,Kadıköy,5035,Fakir Robot Süpürge,Mutfak,Fakir,4135.19,1000,10,0.0,Kredi Kartı,Tamamlandı,24-03-2026 14:11:21,14-03-2026 14:11:21,3721.67,4.1,Silver,YAZ2026,4.7,44
100279,321,Uluman Bilir,Erkek,30,İstanbul,Kartal,5051,Fisher-Price Aktivite Masası,Oyuncak,Fisher-Price,-1246.96,1,10,0.0,Kredi Kartı,Tamamlandı,10-12-2024 02:29:33,12-12-2024 06:29:33,1122.26,5.0,Silver,SEPET50,3.7,12
100280,317,Özdoğdu Zengin,Erkek,32,İzmir,Çiğli,5031,Tarz Mobilya Sehpa,Ev & Yaşam,Tarz,1669.01,1,0,0.0,Kredi Kartı,Tamamlandı,13-09-2024 10:16:17,16-09-2024 14:16:17,1669.01,3.8,Bronze,,4.1,10
100281,120,Denizalp Demirel,Erkek,26,İstanbul,Kadıköy,5031,Tarz Mobilya Sehpa,Ev & Yaşam,Tarz,1695.47,1,15,0.0,Kredi Kartı,Tamamlandı,15-05-2026 01:09:19,18-05-2026 03:09:19,1441.15,4.6,Silver,,4.1,12
100282,29,Sevim Duran,Kadın,24,Ankara,Mamak,5004,Sony WH-1000XM4 Kulaklık,Elektronik,Sony,8195.02,1,20,0.0,Kredi Kartı,Tamamlandı,31-11-2024 16:40:00,21-06-2024 02:26:25,6556.02,3.9,Gold,KARGOBEDAVA,4.8,85
100283,378,İsmet Seven,Erkek,23,Kocaeli,İzmit,5029,Madame Coco Halı,Ev & Yaşam,Madame Coco,1935.32,1,10,0.0,Kredi Kartı,Tamamlandı,16-04-2025 11:45:44,19-04-2025 07:45:44,1741.79,5.0,Platinum,,2.8,13
100284,267,Bozerk Çetin,Erkek,33,İstanbul,Beylikdüzü,5040,Under Armour Koşu Tişörtü,,Under Armour,524.7,1,0,29.99,Dijital Cüzdan,Tamamlandı,19-08-2025 11:48:54,20-08-2025 16:48:54,554.69,3.4,Silver,,4.7,94
100285,62,Ticen Gülen,KADIN,49,Ankara,Keçiören,5000,Samsung Galaxy A54 128GB,Elektronik,Samsung,21844.17,2,10,0.0,Havale/EFT,Tamamlandı,31-08-2024 09:03:20,29-08-2024 09:03:20,39319.51,3.3,Gold,MAYIS25,3.6,39
100286,321,Uluman Bilir,Erkek,30,İstanbul,Maltepe,5041,Can Yayınları Roman Seti,Kitap & Hobi,Can Yayınları,-230.78,2,-20,49.99,Kredi Kartı,İade,23-03-2026 12:38:43,28-03-2026 11:38:43,919.32,5.0,Silver,SEPET50,3.6,26
100287,184,Nevsal Zorlu,Erkek,36,Gaziantep,Şahinbey,5057,Eti Crax Kraker 24lü Kutu,Süpermarket,Eti,152.76,2,10,49.99,Kredi Kartı,Tamamlandı,23-05-2025 11:47:05,30-05-2025 01:47:05,324.96,4.1,Bronze,MAYIS25,4.6,55
100288,83,Yertan Demir,Erkek,44,İstanbul,Üsküdar,5028,English Home Nevresim Takımı,Ev & Yaşam,English Home,703.49,1,5,19.99,Kapıda Ödeme,Tamamlandı,32-01-2025 12:00:00,12-12-2024 11:40:53,688.31,4.3,Bronze,,4.0,55
100289,165,Çağdan Akdeniz,Erkek,40,Gaziantep,Şahinbey,5012,Zara Oversize Ceket,Giyim,Zara,1214.44,1,10,0.0,Havale/EFT,Tamamlandı,19-03-2026 11:43:28,20-03-2026 14:43:28,1093.0,4.5,Bronze,,8,17
100290,23,Halidun Sakarya,Erkek,18,Eskişehir,Odunpazarı,5011,DeFacto Basic Tişört,Giyim,DeFacto,207.35,1,5,19.99,Kredi Kartı,Tamamlandı,03-07-2025 23:57:15,08-07-2025 15:57:15,216.97,3.7,Gold,,3.6,24
100291,132,Eflâtun Erdoğan,Erkek,18,İstanbul,Şişli,5038,Nike Pro Antrenman Tayt,Spor & Outdoor,Nike,815.35,1,20,0.0,Havale/EFT,İade,21-08-2024 17:02:29,27-08-2024 18:02:29,652.28,3.5,Gold,SEPET50,4.0,15
100292,189,Behiza Tevetoğlu,KADIN,43,Mersin,Yenişehir,5052,Pierre Cardin Cüzdan,Aksesuar,Pierre Cardin,635.08,2,15,0.0,Kapıda Ödeme,Tamamlandı,08-01-2025 18:54:49,09-01-2025 21:54:49,1079.64,4.2,Silver,,5.0,104
100293,198,Razı Hayrioğlu,Erkek,46,İstanbul,Pendik,5042,İş Bankası Kültür Yayınları Klasik Set,Kitap & Hobi,İş Bankası Kültür Yayınları,362.19,2,0,49.99,Havale/EFT,Tamamlandı,32-01-2025 12:00:00,19-01-2026 03:01:58,774.37,3.8,Bronze,,4.1,4
100294,54,Alpin Bilgin,Erkek,54,İstanbul,Üsküdar,5035,Fakir Robot Süpürge,Mutfak,Fakir,4182.65,1,0,0.0,Dijital Cüzdan,Tamamlandı,27-05-2025 11:28:27,01-06-2025 21:28:27,4182.65,4.2,Silver,,4.7,44
100295,325,,KADIN,31,İzmir,Karşıyaka,5038,Nike Pro Antrenman Tayt,Spor & Outdoor,Nike,672.22,2,5,0.0,havale/eft,Tamamlandı,04-06-2025 16:28:17,09-06-2025 04:28:17,1277.22,4.5,Silver,YAZ2026,4.0,13
100296,306,Koşukhan Sezer,Erkek,41,İstanbul,Üsküdar,5056,Ülker Albeni 12li Paket,Süpermarket,Ülker,69.06,1,0,39.99,Kredi Kartı,İptal,08-05-2026 10:02:50,14-05-2026 02:02:50,109.05,4.1,Silver,,4.2,57
100297,,Risalet Eraslan,Erkek,20,İstanbul,Beylikdüzü,5022,Flormar Likit Fondöten,Kozmetik,Flormar,165.61,1000,20,29.99,Kredi Kartı,İPTAL,31-06-2025 11:11:11,08-09-2024 14:46:14,162.48,4.5,Bronze,,4.3,88
100298,371,Hanim Kısakürek,Kadın,18,Ankara,Mamak,5011,DeFacto Basic Tişört,Giyim,DeFacto,168.83,4,10,19.99,Havale/EFT,Tamamlandı,19-06-2026 20:58:54,23-06-2026 22:58:54,627.78,3.3,Bronze,,3.6,20
100299,179,Duracan Yorulmaz,Erkek,33,Trabzon,Akçaabat,5026,Bioderma Sensibio Micellar Su,Kozmetik,Bioderma,411.63,1,15,19.99,Havale/EFT,Tamamlandı,26-07-2024 11:05:48,31-07-2024 12:05:48,369.88,3.9,Gold,MAYIS25,4.6,170
100300,168,Noman Bilir,Erkek,44,Bursa,Osmangazi,,Koton Erkek Slim Fit Kot Pantolon,Giyim,Koton,415.16,2,5,0.0,Kredi Kartı,Tamamlandı,30-10-2025 03:16:47,01-11-2025 16:16:47,788.8,4.0,Bronze,KARGOBEDAVA,5.0,4
100301,68,İlklima Şafak,Kadın,23,Ankara,Mamak,5036,Korkmaz Tencere Seti,Mutfak,Korkmaz,3019.85,2,0,0.0,Kredi Kartı,Tamamlandı,16-05-2026 04:44:48,23-05-2026 08:44:48,6039.7,5.0,Bronze,,4.0,13
100302,250,Akçabay Akçay,Erkek,24,Ankara,Etimesgut,5012,Zara Oversize Ceket,Giyim,Zara,1236.7,5,5,0.0,Kredi Kartı,Tamamlandı,15-08-2025 11:46:30,22-08-2025 05:46:30,5874.32,3.3,Bronze,SEPET50,4.4,22
100303,217,Menişan Mansız,Kadın,31,Ankara,Keçiören,5020,Greyder Klasik Erkek Ayakkabı,Ayakkabı,Greyder,1106.71,2,15,0.0,Kredi Kartı,Tamamlandı,27-08-2025 22:41:21,30-08-2025 12:41:21,1881.41,4.5,Bronze,INDIRIM10,4.1,12
100304,351,Ruhsat Durmuş,Erkek,28,Ankara,Çankaya,5007,Casper Excalibur Oyuncu Bilgisayarı,Elektronik,Casper,33135.4,1,10,0.0,Kredi Kartı,İptal,22-03-2025 00:30:00,25-03-2025 22:30:00,29821.86,4.7,Silver,,5.0,79
100305,231,Ayçan Çorlu,Kadın,55,İzmir,Karşıyaka,5013,Pull&Bear Kapüşonlu Sweatshirt,Giyim,Pull&Bear,722.0,1,5,39.99,Kredi Kartı,Tamamlandı,23-10-2024 00:40:10,27-10-2024 18:40:10,725.89,4.1,Bronze,,4.7,18
100306,23,Halidun Sakarya,Erkek,18,İSTANBUL,Kadıköy,5018,Skechers Yürüyüş Ayakkabısı,Ayakkabı,Skechers,1960.56,2,0,0.0,Kredi Kartı,İade,08-08-2024 14:09:00,14-08-2024 22:09:00,3921.12,3.7,Gold,,3.9,34
100307,185,,Erkek,35,Samsun,İlkadım,5018,Skechers Yürüyüş Ayakkabısı,Ayakkabı,Skechers,2493.93,2,-20,0.0,Kredi Kartı,İade,10-09-2024 11:29:07,15-09-2024 06:29:07,4987.86,3.6,Bronze,,3.9,26
100308,102,,Erkek,45,Bursa,Nilüfer,5035,Fakir Robot Süpürge,Mutfak,Fakir,5074.79,1,0,0.0,Kredi Kartı,Tamamlandı,08-07-2025 05:42:58,09-07-2025 16:42:58,13854.21,4.7,Bronze,,4.7,43
100309,321,Uluman Bilir,Erkek,30,Ankara,Etimesgut,5017,Puma Smash V2,Ayakkabı,Puma,2068.33,2,20,0.0,Kapıda Ödeme,İptal,01-07-2024 20:12:17,05-07-2024 03:12:17,6063.24,5.0,Silver,KARGOBEDAVA,3.8,38
100310,71,Eriş Zorlu,Kadın,36,İstanbul,Ataşehir,5033,Tefal Airfryer,Mutfak,Tefal,3748.79,2,10,0.0,Kredi Kartı,Tamamlandı,04-11-2024 15:31:37,08-11-2024 10:31:37,6747.82,4.9,Gold,MAYIS25,3.1,59
100311,106,Ağbegim Yüksel,Kadın,40,Adana,Seyhan,5055,Casio Dijital Kol Saati,Aksesuar,Casio,982.87,2,20,0.0,Dijital Cüzdan,Tamamlandı,27-10-2024 23:53:33,02-11-2024 04:53:33,1572.59,4.8,Platinum,mayis25,3.0,49
100312,369,Zeride Çorlu,Kadın,36,İstanbul,Maltepe,5053,Guess Kadın Çanta,Aksesuar,Guess,3643.53,2,-20,0.0,kapıda ödeme,Tamamlandı,27-07-2025 11:02:40,01-08-2025 10:02:40,16356.53,4.7,Platinum,,4.1,20
100313,379,Oluş Akçay,Kadın,39,Ankara,Keçiören,5006,Huawei MatePad 11 Tablet,Elektronik,Huawei,9434.1,-3,30,0.0,Havale/EFT,Tamamlandı,18-02-2026 08:24:26,23-02-2026 15:24:26,6603.87,4.2,Gold,YAZ2026,4.0,32
100314,41,Nezize Aksu,Kadın,31,Konya,Meram,5008,LC Waikiki Kadın Triko Kazak,Giyim,LC Waikiki,350.46,2,10,39.99,Kredi Kartı,Tamamlandı,29-09-2025 05:00:24,01-10-2025 11:00:24,670.82,4.3,Bronze,KARGOBEDAVA,3.6,11
100315,139,Yigit İhsanoğlu,Erkek,36,Kocaeli,İzmit,5047,Mamas & Papas Bebek Bavulu,Anne & Bebek,Mamas & Papas,2337.07,1,0,0.0,Kredi Kartı,İade,24-08-2025 22:27:59,29-08-2025 20:27:59,2337.07,3.7,Bronze,KARGOBEDAVA,3.7,9
100316,,Risalet Yılmaz,Erkek,51,İzmir,Konak,5038,Nike Pro Antrenman Tayt,Spor & Outdoor,Nike,820.6,1,0,0.0,Havale/EFT,Tamamlandı,30-01-2026 19:31:15,05-02-2026 15:31:15,820.6,3.3,Silver,,4.0,9
100317,267,Bozerk Çetin,Erkek,33,İstanbul,Beylikdüzü,5052,Pierre Cardin Cüzdan,Aksesuar,Pierre Cardin,713.33,4,,0.0,Kredi Kartı,İade,11-07-2024 20:18:18,16-07-2024 12:18:18,2853.32,3.4,,,5.0,96
100318,98,Karaer İnönü,ERKEK,35,Ankara,Mamak,5056,Ülker Albeni 12li Paket,Süpermarket,Ülker,69.14,3,5,49.99,Kredi Kartı,İptal,08-05-2026 18:49:20,11-05-2026 08:49:20,247.04,4.3,Silver,,4.2,55
100319,47,Saba Gül,Erkek,26,Gaziantep,Şehitkamil,5011,DeFacto Basic Tişört,Giyim,DeFacto,197.87,4,10,0.0,Kredi Kartı,Tamamlandı,05-09-2025 00:54:25,07-09-2025 14:54:25,712.33,3.9,Gold,,3.6,18
100320,233,İnançlı Aslan,Erkek,32,İSTANBUL,Maltepe,5044,Prima Bebek Bezi Jumbo Paket,Anne & Bebek,Prima,397.29,-3,0,0.0,Havale/EFT,Tamamlandı,25-05-2026 16:21:43,01-06-2026 03:21:43,794.58,4.0,Bronze,SEPET50,3.7,500000
100321,373,Günar Erdoğan,Kadın,39,Mersin,Yenişehir,5024,Nivea Nemlendirici Krem,Kozmetik,Nivea,128.52,1,0,39.99,Havale/EFT,Tamamlandı,01-11-2024 05:54:09,08-11-2024 09:54:09,168.51,3.7,Silver,SEPET50,4.4,27
100322,215,METINKAYA KARADENIZ,Erkek,45,Ankara,Mamak,5018,Skechers Yürüyüş Ayakkabısı,Ayakkabı,Skechers,2301.16,1,0,0.0,Kredi Kartı,Tamamlandı,15-02-2025 00:26:40,19-02-2025 15:26:40,2301.16,7,Gold,,3.9,32
100323,3,Evcimen Yüksel,Erkek,31,Antalya,Konyaaltı,5015,Nike Air Max 270,Ayakkabı,Nike,3781.94,2,5,0.0,Kredi Kartı,Tamamlandı,07-06-2024 08:54:35,12-06-2024 16:54:35,7185.69,4.0,Gold,,2.9,4
100324,107,Semender Akça,Erkek,44,İstanbul,Üsküdar,5003,"LG 55"" 4K Smart TV",Elektronik,LG,17939.75,1,20,0.0,Havale/EFT,İptal,,03-04-2025 13:03:19,,4.5,Bronze, INDIRIM10 ,3.9,245
100325,345,Verde Ertaş,Kadın,41,Ankara,Etimesgut,5036,Korkmaz Tencere Seti,Mutfak,Korkmaz,3066.04,1,5,0.0,Havale/EFT,İade,04-09-2024 10:53:49,07-09-2024 21:53:49,2912.74,4.4,Silver,,4.0,11
100326,219,Risalet Yılmaz,Erkek,51,Samsun,İlkadım,5018,Skechers Yürüyüş Ayakkabısı,Ayakkabı,Skechers,2176.65,1,20,0.0,Kredi Kartı,Tamamlandı,01-01-2025 07:36:40,06-01-2025 08:36:40,1741.32,3.3,Silver,SEPET50,3.9,34
100327,271,Demiryürek Alemdar,Erkek,7,Kocaeli,Gebze,5046,Chicco Bebek Arabası,Anne & Bebek,Chicco,5877.31,4,30,0.0,Kredi Kartı,Tamamlandı,21-04-2025 09:27:14,12-04-2025 09:27:14,16456.47,3.4,Platinum,,4.2,316
100328,67,Kandef Korutürk,Kadın,22,Antalya,Konyaaltı,5033,Tefal Airfryer,Mutfak,Tefal,3447.94,1,15,0.0,Kapıda Ödeme,Tamamlandı,25-03-2025 07:02:49,26-03-2025 10:02:49,2930.75,4.4,Gold,SEPET50,3.1,58
100329,378,İsmet Seven,Erkek,23,Samsun,Atakum,5026,Bioderma Sensibio Micellar Su,Kozmetik,Bioderma,305.46,1,15,29.99,Kredi Kartı,Tamamlandı,16-03-2025 09:15:47,23-03-2025 11:15:47,289.63,5.0,Platinum,MAYIS25,4.6,176
100330,166,Havali Aksu,Kadın,33,Kayseri,Melikgazi,5043,Faber-Castell Boya Kalemi Seti,Kitap & Hobi,Faber-Castell,193.33,1,10,19.99,Kapıda Ödeme,Tamamlandı,13-05-2025 17:26:37,17-05-2025 18:26:37,193.99,3.6,Gold,,3.7,210
100331,80,Risalet Eraslan,Erkek,20,Adana,Çukurova,5029,Madame Coco Halı,Ev & Yaşam,Madame Coco,1983.99,1,15,0.0,Kapıda Ödeme,Tamamlandı,13-06-2026 11:29:13,19-06-2026 04:29:13,1686.39,4.5,Bronze,MAYIS25,2.8,15
100598,170,Altoğan Aksu,Erkek,38,Mersin,Toroslar,5004,Sony WH-1000XM4 Kulaklık,Elektronik,Sony,9133.15,1,0,0.0,Dijital Cüzdan,Tamamlandı,17-11-2024 20:47:19,23-11-2024 08:47:19,9133.15,3.8,,YAZ2026,4.8,86
100333,362,Över Fırat,Erkek,19,Samsun,İlkadım,5017,Puma Smash V2,Ayakkabı,Puma,1789.71,1,0,0.0,Kredi Kartı,İade,,12-01-2025 00:07:05,1789.71,4.5,Bronze,YAZ2026,3.8,31
100334,48,Ercihan Aksu,Erkek,29,İzmir,Konak,5051,FISHER-PRICE AKTIVITE MASASI,OYUNCAK,Fisher-Price,1141.33,2,0,0.0,Dijital Cüzdan,Tamamlandı,19-11-2025 11:17:59,26-11-2025 21:17:59,2282.66,3.2,Bronze,YAZ2026,3.7,13
100335,347,Erenalp Çamurcuoğlu,Erkek,22,Kocaeli,İzmit,5046,Chicco Bebek Arabası,Anne & Bebek,Chicco,110315.58,1,20,0.0,Kredi Kartı,Tamamlandı,16-07-2024 21:38:14,23-07-2024 23:38:14,3658.49,4.5,Bronze,YAZ2026,,312
100336,267,Bozerk Çetin,Erkek,33,Kayseri,Kocasinan,5001,Apple iPhone 13 128GB,Elektronik,Apple,39620.48,1,20,0.0,Kredi Kartı,Tamamlandı,11-03-2025 19:22:46,15-03-2025 09:22:46,31696.38,3.4,Silver,,4.1,500000
100337,77,Şahdiye Erdoğan,Kadın,26,İstanbul,Beşiktaş,5000,Samsung Galaxy A54 128GB,Elektronik,Samsung,21791.49,2,0,0.0,Kredi Kartı,Tamamlandı,05-03-2025 05:09:14,11-03-2025 14:09:14,43582.98,4.2,Platinum,,3.6,36
100338,37,Maksüde Çorlu,Kadın,33,,Yenimahalle,5034,Arzum Çay Makinesi,Mutfak,Arzum,1121.82,1,5,0.0,Havale/EFT,Tamamlandı,26-07-2024 03:08:07,30-07-2024 15:08:07,1065.73,,Bronze,MAYIS25,3.2,60
100339,323,Ganiye Ülker,Kadın,31,Eskişehir,Tepebaşı,5039,Adidas Spor Çanta,Spor & Outdoor,Adidas,842.25,1,0,0.0,Kapıda Ödeme,İptal,20-08-2024 16:57:19,25-08-2024 20:57:19,842.25,3.9,Bronze,SEPET50,4.0,14
100340,50,Kitan İhsanoğlu,Kadın,34,İzmir,Buca,5030,Bellona Yatak Örtüsü Seti,Ev & Yaşam,Bellona,792.68,1,20,0.0,,İptal,,10-07-2025 16:40:32,634.14,4.0,Silver,,4.3,278
100341,34,Dalkılıç Demirel,Erkek,33,İzmir,,5030,Bellona Yatak Örtüsü Seti,Ev & Yaşam,Bellona,884.5,1,15,0.0,Havale/EFT,Tamamlandı,14-09-2024 14:46:14,22-09-2024 12:46:14,751.83,4.7,Silver,,4.3,283
100342,285,İhsan Eraslan,Kadın,18,Adana,Çukurova,5034,Arzum Çay Makinesi,Mutfak,Arzum,1130.49,2,0,0.0,Kredi Kartı,Tamamlandı,07-10-2025 13:58:27,08-10-2025 23:58:27,2260.98,3.9,Silver,SEPET50,3.2,60
100343,221,Cuheyna Akça,Kadın,38,Mersin,Toroslar,5036,Korkmaz Tencere Seti,Mutfak,Korkmaz,3066.06,2,0,0.0,Havale/EFT,Tamamlandı,30-05-2026 20:54:20,07-06-2026 11:54:20,6132.12,4.1,Platinum,MAYIS25,4.0,17
100344,167,Rebihat Soylu,Kadın,34,Bursa,Nilüfer,5011,DeFacto Basic Tişört,Giyim,DeFacto,150.8,1,,49.99,Kredi Kartı,Tamamlandı,02-08-2024 03:17:46,04-08-2024 07:17:46,185.71,3.7,Gold,,3.6,25
100345,1,Tezol Demir,Erkek,39,Kayseri,Melikgazi,5028,English Home Nevresim Takımı,Ev & Yaşam,English Home,785.94,1,10,0.0,Kredi Kartı,Tamamlandı,21-04-2025 10:54:46,27-04-2025 07:54:46,707.35,4.0,Bronze,KARGOBEDAVA,4.0,57
100346,46,Tenvir Aksu,Erkek,35,Antalya,Kepez,5032,Karaca Tost Makinesi,Mutfak,Karaca,861.68,1,0,0.0,Kredi Kartı,Tamamlandı,25-07-2024 00:01:50,31-07-2024 17:01:50,861.68,4.7,Silver,,4.2,171
100347,57,Kezban Erdoğan,Kadın,34,Samsun,İlkadım,5015,Nike Air Max 270,Ayakkabı,Nike,4061.23,2,10,0.0,Havale/EFT,Tamamlandı,2025/08/20 19:50:49,,7310.21,5.0,Bronze,INDIRIM10,2.9,0
100348,285,İhsan Eraslan,Kadın,18,Ankara,Yenimahalle,5053,Guess Kadın Çanta,Aksesuar,,3042.41,1,20,0.0,Kredi Kartı,Tamamlandı,26-03-2026 00:34:18,28-03-2026 23:34:18,2433.93,3.9,Premium+,,4.1,20
100349,224,Deniz Korutürk,Kadın,,Kocaeli,İzmit,5005,Lenovo IdeaPad 3 Dizüstü Bilgisayar,Elektronik,Lenovo,17891.93,3,20,0.0,Kapıda Ödeme,Tamamlandı,10-08-2025 22:41:30,13-08-2025 12:41:30,42940.63,3.5,Gold,,3.5,123456
100350,231,Ayçan Çorlu,Kadın,55,Ankara,Keçiören,5011,DeFacto Basic Tişört,Giyim,DeFacto,162.48,1,5,29.99,Havale/EFT,Tamamlandı,12-12-2025 20:59:03,15-12-2025 21:59:03,184.35,4.1,Bronze,,3.6,24
100351,248,Nezize Akçay,Kadın,50,,Selçuklu,5037,Decathlon Kamp Çadırı,Spor & Outdoor,Decathlon,1585.23,2,0,0.0,Havale/EFT,İade,14-03-2025 16:55:40,,3170.46,4.4,Platinum,,4.5,15
100352,46,Tenvir Aksu,Erkek,35,İstanbul,Beşiktaş,5043,Faber-Castell Boya Kalemi Seti,Kitap & Hobi,Faber-Castell,232.38,3,0,19.99,Dijital Cüzdan,Tamamlandı,12-06-2024 17:04:15,17-06-2024 09:04:15,717.13,4.7,Silver,,3.7,212
100353,376,Nakip Seven,Erkek,23,Ankara,YENIMAHALLE,5051,Fisher-Price Aktivite Masası,Oyuncak,Fisher-Price,1047.31,1,10,0.0,Havale/EFT,Tamamlandı,2025/12/30 09:28:56,01-01-2026 05:28:56,942.58,3.3,Silver,,3.7,7
100354,294,Seblâ Yılmaz,Kadın,28,İstanbul,Bakırköy,5051,Fisher-Price Aktivite Masası,Oyuncak,Fisher-Price,1268.69,1,5,0.0,Kredi Kartı,Tamamlandı,12-03-2025 09:10:36,15-03-2025 04:10:36,1205.26,3.6,Silver,HOSGELDIN15,3.7,5
100355,380,Öktürk Zengin,Erkek,24,İstanbul,Üsküdar,5058,Torku Zeytinyağı 5L,Süpermarket,Torku,847.94,1,5,0.0,Kapıda Ödeme,Tamamlandı,19-05-2026 08:35:58,23-05-2026 13:35:58,805.54,4.5,Silver,,4.1,0
100356,176,Çisem Ülker,,37,Kocaeli,İzmit,5038,Nike Pro Antrenman Tayt,Spor & Outdoor,Nike,880.18,,5,0.0,Dijital Cüzdan,Tamamlandı,30-01-2025 16:01:35,06-02-2025 12:01:35,836.17,5.0,Bronze,MAYIS25,4.0,14
100357,28,Aynilhayat Gül,Kadın,45,Adana,Seyhan,5003,"LG 55"" 4K Smart TV",Elektronik,LG,15754.2,1,0,0.0,Havale/EFT,Tamamlandı,28-11-2025 08:30:26,03-12-2025 05:30:26,15754.2,4.7,Bronze,,3.9,250
100358,135,Vacibe Yüksel,Kadın,29,İstanbul,Ataşehir,5000,Samsung Galaxy A54 128GB,Elektronik,Samsung,18443.96,3,5,0.0,Kredi Kartı,Tamamlandı,13-07-2024 03:32:41,18-07-2024 23:32:41,52565.29,4.2,Silver,KARGOBEDAVA,3.6,43
100359,334,Benice Ertaş,Kadın,31,Samsun,Atakum,5017,Puma Smash V2,Ayakkabı,Puma,1686.96,1,10,0.0,Kredi Kartı,Tamamlandı,03-02-2025 21:26:05,11-02-2025 03:26:05,1518.26,5.0,Silver,,3.8,
100360,354,Ğanim Gül,Erkek,19,Kocaeli,Gebze,5035,Fakir Robot Süpürge,Mutfak,Fakir,3517.98,1,0,0.0,Kredi Kartı,Tamamlandı,03-05-2026 16:14:10,06-05-2026 23:14:10,3517.98,5.0,Bronze,,4.7,42
100361,99,Boğatimur Duran,Erkek,24,İstanbul,Kartal,5005,Lenovo IdeaPad 3 Dizüstü Bilgisayar,Elektronik,Lenovo,17369.73,2,20,0.0,Kredi Kartı,Tamamlandı,03-10-2024 04:22:05,04-10-2024 23:22:05,27791.57,4.2,Silver,SEPET50,3.5,37
100362,290,Şelâle Zorlu,Kadın,18,Mersin,Yenişehir,5057,Eti Crax Kraker 24lü Kutu,Süpermarket,Eti,157.76,1,0,19.99,Havale/EFT,İade,11-03-2025 15:32:45,18-03-2025 12:32:45,177.75,4.8,Bronze,,4.6,52
100363,132,Eflâtun Erdoğan,Erkek,18,İstanbul,Beşiktaş,5017,Puma Smash V2,Ayakkabı,Puma,2043.97,1,0,0.0,Kredi Kartı,İade,27-02-2025 06:28:41,03-03-2025 08:28:41,2043.97,3.5,Gold,,3.8,31
100364,313,Kâmil Durmuş,,51,Ankara,Mamak,5006,Huawei MatePad 11 Tablet,Elektronik,Huawei,9474.78,3,0,0.0,Havale/EFT,İptal,03-06-2026 09:25:47,04-06-2026 10:25:47,28424.34,3.8,Bronze,MAYIS25,4.0,31
100365,229,Kardelen Zorlu,Kadın,32,,Beylikdüzü,5009,Koton Erkek Slim Fit Kot Pantolon,Giyim,Koton,595.86,1,0,49.99,Kredi Kartı,Tamamlandı,06-07-2025 20:55:19,08-07-2025 12:55:19,645.85,3.5,Silver,,5.0,9
100366,245,Çalım Manço,Kadın,52,İzmir,Konak,5034,Arzum Çay Makinesi,Mutfak,Arzum,1012.92,1,,0.0,Kapıda Ödeme,Tamamlandı,01-12-2025 13:04:04,05-12-2025 10:04:04,911.63,4.6,Premium+,YAZ2026,3.2,61
100367,332,Aysevim Yüksel,Kadın,33,İstanbul,Pendik,5054,Fossil Kol Saati,Aksesuar,Fossil,4737.48,1,5,0.0,Kapıda Ödeme,Tamamlandı,28-11-2024 20:11:16,30-11-2024 08:11:16,4500.61,3.8,Bronze,,4.7,14
100368,357,Ferinaz Korutürk,Kadın,28,Ankara,Çankaya,5040,Under Armour Koşu Tişörtü,Spor & Outdoor,Under Armour,622.21,1,20,49.99,Havale/EFT,Tamamlandı,15-12-2024 00:55:24,21-12-2024 18:55:24,547.76,4.3,Silver,KARGOBEDAVA,4.7,86
100369,277,Mükrüme Aslan,Kadın,46,Adana,Çukurova,5034,Arzum Çay Makinesi,Mutfak,Arzum,1382.48,3,25,0.0,Kredi Kartı,,12-05-2025 01:33:31,,3110.58,4.3,Gold,SEPET50,3.2,61
100370,268,Deryanur Kısakürek,Kadın,26,İzmir,Çiğli,5009,Koton Erkek Slim Fit Kot Pantolon,Giyim,Koton,622.32,1,0,,Kredi Kartı,Tamamlandı,24.02.2026 01:40:03,26-02-2026 23:40:03,652.31,4.1,Gold,,5.0,2
100371,89,ferhan ertaş,Kadın,34,,Çukurova,5052,Pierre Cardin Cüzdan,Aksesuar,Pierre Cardin,688.11,1,0,19.99,Kapıda Ödeme,Tamamlandı,23-10-2025 21:39:44,31-10-2025 16:39:44,708.1,5.0,Bronze,INDIRIM10,5.0,102
100372,173,Özdal Çetin,Erkek,28,Eskişehir,Tepebaşı,5020,Greyder Klasik Erkek Ayakkabı,Ayakkabı,Greyder,972.48,2,5,0.0,Kredi Kartı,İade,05-01-2025 01:39:35,10-01-2025 06:39:35,1847.71,4.2,Bronze,YAZ2026,4.1,13
100373,73,Aysuna Bilge,Kadın,36,Kayseri,Melikgazi,5044,Prima Bebek Bezi Jumbo Paket,Anne & Bebek,Prima,355.49,1,0,19.99,Kredi Kartı,Tamamlandı,10-03-2026 22:17:53,15-03-2026 03:17:53,375.48,4.6,Premium+,KARGOBEDAVA,3.7,125
100374,4,Dündaralp Yaman,Erkek,51,İstanbul,Beşiktaş,5045,Huggies Islak Mendil 12li,Anne & Bebek,Huggies,334.73,4,5,0.0,Kapıda Ödeme,Tamamlandı,10-05-2026 04:37:12,12-05-2026 08:37:12,1271.97,4.6,Silver,,3.8,160
100051,231,Ayçan Çorlu,Kadın,55,İzmir,Bornova,5039,Adidas Spor Çanta,Spor & Outdoor,,976.67,2,10,0.0,Havale/EFT,Tamamlandı,05-04-2025 12:39:53,09-04-2025 12:39:53,1758.01,4.1,Bronze,,4.0,10
100376,61,Dolun Şensoy,Erkek,42,,İzmit,5039,Adidas Spor Çanta,Spor & Outdoor,Adidas,844.76,3,5,0.0,Kredi Kartı,Tamamlandı,07-04-2026 07:34:37,10-04-2026 08:34:37,2407.57,3.6,Gold,INDIRIM10,4.0,17
100377,243,Aybet Karadeniz,Kadın,25,İzmir,Bornova,5042,İş Bankası Kültür Yayınları Klasik Set,Kitap & Hobi,İş Bankası Kültür Yayınları,530.67,1,5,29.99,Kredi Kartı,Tamamlandı,08-09-2025 01:34:37,10-09-2025 00:34:37,534.13,3.2,Silver,MAYIS25,4.1,0
100378,81,Saydam Bilge,Erkek,23,Mersin,Toroslar,5032,Karaca Tost Makinesi,Mutfak,Karaca,746.43,4,10,0.0,Havale/EFT,Tamamlandı,21-12-2024 11:51:28,,2687.15,4.6,Silver,YAZ2026,4.2,
100379,378,İsmet Seven,Erkek,23,İzmir,Bornova,5024,Nivea Nemlendirici Krem,Kozmetik,Nivea,152.4,1,10,19.99,Kapıda Ödeme,Tamamlandı,15-02-2026 16:33:56,18-02-2026 04:33:56,157.15,5.0,Platinum,KARGOBEDAVA_2026,4.4,30
100380,324,Atgun Arslan,Erkek,18,Ankara,Yenimahalle,5012,Zara Oversize Ceket,Giyim,Zara,1101.53,1,10,0.0,Kredi Kartı,Tamamlandı,20-09-2025 16:41:46,24-09-2025 21:41:46,991.38,4.1,Silver,,4.4,19
100381,152,Nalân Sezgin,Kadın,42,Antalya,Kepez,5060,Nestlé Nescafe Gold 200gr,Süpermarket,Nestlé,341.15,1,25,29.99,Kredi Kartı,İptal,14-10-2025 07:52:49,19-10-2025 22:52:49,285.85,4.5,Silver,,3.6,
100382,8,İRFAN ŞAFAK,Kadın,18,Gaziantep,Şehitkamil,5015,Nike Air Max 270,Ayakkabı,Nike,3925.48,2,20,0.0,Havale/EFT,Tamamlandı,01/09/2026 00:11:05,13-01-2026 01:11:05,6280.77,3.8,Diamond,KARGOBEDAVA,2.9,4
100383,18,Abdurrahman İnönü,Erkek,43,İzmir,Buca,5030,Bellona Yatak Örtüsü Seti,Ev & Yaşam,Bellona,1023.89,2,0,0.0,Kredi Kartı,Tamamlandı,30-02-2026 14:20:00,15-06-2024 18:48:16,2047.78,3.4,Platinum,INDIRIM10,,288
100384,47,Saba Gül,Erkek,26,İstanbul,Bakırköy,5010,Mavi Jeans Skinny Kot Pantolon,Giyim,Mavi,846.16,3,15,0.0,Kredi Kartı,Tamamlandı,20-10-2024 14:45:31,23-10-2024 01:45:31,2157.71,3.9,Gold,,4.5,31
100385,1,Tezol Demir,Erkek,39,Samsun,İlkadım,5024,Nivea Nemlendirici Krem,Kozmetik,Nivea,152.54,1,0,49.99,Kapıda Ödeme,Tamamlandı,18-02-2026 19:44:58,24-02-2026 01:44:58,202.53,4.0,bronze,,4.4,28
100386,318,Şemsinisa Şensoy,Kadın,22,Trabzon,Ortahisar,5032,Karaca Tost Makinesi,Mutfak,Karaca,1078.13,2,20,-17.913786844159883,Kredi Kartı,Tamamlandı,31-02-2025 10:00:00,25-05-2025 12:00:00,1725.01,3.1,Bronze,MAYIS25,4.2,167
100387,288,Nazi Gül,Kadın,43,Konya,Selçuklu,5008,LC Waikiki Kadın Triko Kazak,Giyim,LC Waikiki,446.25,1,0,49.99,Havale/EFT,Tamamlandı,21-05-2026 07:38:18,29-05-2026 06:38:18,496.24,2.8,Silver,,3.6,16
100388,181,Zeyno Yorulmaz,Kadın,39,Trabzon,Akçaabat,5017,Puma Smash V2,Ayakkabı,Puma,1538.12,1,5,0.0,Kredi Kartı,İptal,25-09-2025 19:21:57,01-10-2025 04:21:57,1461.21,5.0,Bronze,,3.8,33
100389,345,Verde Ertaş,Kadın,41,Kocaeli,İzmit,5012,Zara Oversize Ceket,Giyim,Zara,1435.14,1,0,0.0,Kapıda Ödeme,Tamamlandı,18-08-2024 03:58:54,20-08-2024 11:58:54,1435.14,4.4,Silver,INDIRIM10,4.4,23
100390,78,Nurşan Kısakürek,Kadın,37,Trabzon,Ortahisar,5018,Skechers Yürüyüş Ayakkabısı,Ayakkabı,Skechers,2133.23,2,25,0.0,Kredi Kartı,Tamamlandı,23-03-2026 00:46:55,26-03-2026 06:46:55,3199.85,3.7,silver,INDIRIM10,3.9,32
100391,331,Bilender Yıldırım,Erkek,27,Ankara,Etimesgut,5021,L'Oréal Paris Revitalift Serum,Kozmetik,L'Oréal,481.15,3,-20,0.0,Havale/EFT,Tamamlandı,14-12-2025 16:12:40,19-12-2025 01:12:40,1371.28,3.8,Bronze,,3.1,178
100392,88,Filit Şafak,Erkek,37,Mersin,Yenişehir,5030,Bellona Yatak Örtüsü Seti,Ev & Yaşam,Bellona,848.76,1,15,0.0,kredi kartı,Tamamlandı,18-11-2024 22:31:25,21-11-2024 20:31:25,721.45,4.6,Silver,,4.3,280
100393,90,Adila Gül,Kadın,31,Eskişehir,Odunpazarı,5010,Mavi Jeans Skinny Kot Pantolon,Giyim,Mavi,683.27,1,0,29.99,Kredi Kartı,Tamamlandı,28-12-2024 20:28:46,25-12-2024 20:28:46,713.26,5.0,Gold,,4.5,26
100394,76,Uraltay Şafak,Erkek,36,Ankara,Etimesgut,5010,Mavi Jeans Skinny Kot Pantolon,Giyim,Mavi,786.78,1,0,0.0,Dijital Cüzdan,Tamamlandı,13-09-2025 11:39:31,15-09-2025 11:39:31,786.78,4.3,Gold,,4.5,29
100395,260,Risalet Yıldırım,Kadın,35,Ankara,Yenimahalle,5030,Bellona Yatak Örtüsü Seti,Ev & Yaşam,Bellona,1058.39,5,15,0.0,Dijital Cüzdan,Tamamlandı,31-12-2025 16:05:47,04-01-2026 14:05:47,4498.16,4.6,Bronze,KARGOBEDAVA,4.3,278
100396,72,Okseven Çorlu,erkek,18,Konya,Selçuklu,5019,Bambi Hakiki Deri Bot,Ayakkabı,Bambi,1217.36,2,0,0.0,Kredi Kartı,Tamamlandı,13-02-2026 23:20:58,16-02-2026 17:20:58,2434.72,4.2,Bronze,,4.4,67
100397,101,Abdiş Tevetoğlu,Erkek,37,İstanbul,Pendik,5054,Fossil Kol Saati,Aksesuar,Fossil,3912.73,2,0,0.0,Kredi Kartı,Tamamlandı,22-04-2025 21:57:38,28-04-2025 13:57:38,7825.46,4.4,Silver,,4.7,20
100398,185,Şide Fırat,Erkek,35,Ankara,,5023,Maybelline Maskara,Kozmetik,Maybelline,218.61,1,0,39.99,Dijital Cüzdan,İptal,29-08-2024 07:51:11,03-09-2024 06:51:11,550.82,3.6,Bronze,,4.4,7
100399,148,Nas Bilge,Erkek,37,İstanbul,Ataşehir,5046,Chicco Bebek Arabası,Anne & Bebek,Chicco,6292.86,1,10,0.0,Kredi Kartı,Tamamlandı,30-09-2025 19:07:32,03-10-2025 21:07:32,5663.57,3.7,Bronze,,4.2,320
100400,193,Üge Yüksel,Kadın,25,İstanbul,Ataşehir,5040,Under Armour Koşu Tişörtü,Spor & Outdoor,Under Armour,678.6,1,10,29.99,Kredi Kartı,İptal,32-01-2025 12:00:00,28-03-2025 21:09:56,640.73,4.2,Silver,,4.7,89
100401,300,Münezzer Mansız,kadın,29,Ankara,Etimesgut,5047,Mamas & Papas Bebek Bavulu,Anne & Bebek,Mamas & Papas,2170.76,1,0,0.0,Kredi Kartı,İade,14-03-2026 17:12:16,16-03-2026 13:12:16,2170.76,4.3,Silver,,3.7,10
100402,214,Fenni Aksu,Erkek,0,İstanbul,Şişli,5001,Apple iPhone 13 128GB,Elektronik,Apple,35954.84,1,30,0.0,Kredi Kartı,Tamamlandı,17-01-2026 17:29:38,23-01-2026 06:29:38,25168.39,4.5,Gold,,4.1,64
100403,352,Sökmen Hayrioğlu,Erkek,26,İzmir,Konak,5023,Maybelline Maskara,Kozmetik,Maybelline,231.25,2,15,29.99,Havale/EFT,Tamamlandı,31-02-2025 10:00:00,19-09-2025 09:55:59,423.12,-2,Silver,HOSGELDIN15,4.4,6
100404,326,Müşüre Çorlu,Kadın,150,Denizli,Merkezefendi,5003,"LG 55"" 4K Smart TV",Elektronik,LG,16304.35,2,200,0.0,Kredi Kartı,Tamamlandı,05-12-2024 03:26:27,10-12-2024 08:26:27,24456.53,4.8,Bronze,,3.9,248
100247,351,Ruhsat Durmuş,Erkek,28,Mersin,Toroslar,5043,Faber-Castell Boya Kalemi Seti,Kitap & Hobi,Faber-Castell,240.74,1,5,39.99,Kapıda Ödeme,Tamamlandı,13-11-2025 10:14:45,17-11-2025 01:14:45,268.69,4.7,Silver,,3.7,205
100406,53,Öge Öcalan,Erkek,32,İstanbul,,5014,Boyner Klasik Gömlek,Giyim,Boyner,557.89,3,10,0.0,Havale/EFT,İade,27-11-2025 20:03:55,03-12-2025 23:03:55,1506.3,4.3,Silver,,8,0
100407,60,Yekda Hayrioğlu,Erkek,46,Eskişehir,Odunpazarı,5030,Bellona Yatak Örtüsü Seti,Ev & Yaşam,Bellona,839.28,2,0,0.0,Kredi Kartı,İade,18-11-2025 12:27:12,21-11-2025 10:27:12,1678.56,4.6,Silver,sepet50,4.3,279
100408,114,Sarıcabay Aksu,E,-5,İstanbul,Üsküdar,5044,Prima Bebek Bezi Jumbo Paket,Anne & Bebek,prima,333.99,1,0,19.99,Kredi Kartı,Tamamlandı,31-04-2025 09:15:00,24-09-2024 17:49:48,353.98,3.5,Bronze,,3.7,124
100409,101,Abdiş Tevetoğlu,Erkek,0,İstanbul,Pendik,5037,Decathlon Kamp Çadırı,Spor & Outdoor,Decathlon,1247.41,1,0,0.0,Kredi Kartı,Tamamlandı,07-09-2024 04:30:25,12-09-2024 10:30:25,1247.41,4.4,Silver,,4.5,9
100410,95,Teber Hançer,Erkek,24,Konya,Selçuklu,5005,Lenovo IdeaPad 3 Dizüstü Bilgisayar,Elektronik,Lenovo,17946.12,2,150,0.0,Havale/EFT,Tamamlandı,26-10-2025 22:19:01,29-10-2025 14:19:01,35892.24,3.2,Bronze,,3.5,28
100411,297,Yelesen Akça,Erkek,150,Kayseri,Melikgazi,5045,Huggies Islak Mendil 12li,Anne & Bebek,Huggies,274.9,1,20,19.99,Dijital Cüzdan,Tamamlandı,06-01-2025 18:21:25,14-01-2025 16:21:25,239.91,4.3,Silver,,3.8,161
100412,95,Teber Hançer,erkek,24,İzmir,,5011,DeFacto Basic Tişört,Giyim,DeFacto,203.47,5,5,0.0,Kredi Kartı,Tamamlandı,18-04-2025 04:30:02,22-04-2025 07:30:02,966.48,3.2,Bronze,,3.6,22
100413,185,Şide Fırat,Erkek,35,Konya,Selçuklu,5005,Lenovo IdeaPad 3 Dizüstü Bilgisayar,Elektronik,Lenovo,19132.75,1,0,0.0,Havale/EFT,Tamamlandı,29-08-2025 08:13:25,03-09-2025 21:13:25,19132.75,3.6,Bronze,KARGOBEDAVA,3.5,30
100414,36,Tuğtaş Bilgin,Erkek,37,Trabzon,Akçaabat,5060,Nestlé Nescafe Gold 200gr,Süpermarket,Nestlé,347.91,1,30,49.99,Havale/EFT,Tamamlandı,18-11-2025 23:58:37,25-11-2025 01:58:37,293.53,5.0,Gold,KARGOBEDAVA,3.6,19
100415,356,Zülbiye Dumanlı,Kadın,36,Antalya,Muratpaşa,5047,Mamas & Papas Bebek Bavulu,Anne & Bebek,Mamas & Papas,2540.23,5,0,0.0,Dijital Cüzdan,Tamamlandı,31-01-2026 14:43:10,01-02-2026 21:43:10,12701.15,4.0,silver,,3.7,13
100416,143,Ünek Seven,Erkek,57,Kayseri,Kocasinan,5048,Lego City Polis Seti,Oyuncak,Lego,-1273.7,2,5,0.0,Kredi Kartı,Tamamlandı,20-07-2025 17:38:28,26-07-2025 01:38:28,2420.03,2.9,Silver,kargobedava!!,4.9,26
100417,63,Toktuğ Ertaş,Erkek,40,İstanbul,Beylikdüzü,5014,Boyner Klasik Gömlek,Giyim,Boyner,507.09,1,0,19.99,Kapıda Ödeme,Tamamlandı,28-06-2024 06:31:14,03-07-2024 01:31:14,527.08,5.0,Bronze,,4.4,0
100418,156,Berksay Şafak,Erkek,31,Adana,Seyhan,5048,Lego City Polis Seti,Oyuncak,Lego,845.91,3,15,0.0,Kapıda Ödeme,Tamamlandı,09-04-2026 18:07:40,14-04-2026 10:07:40,2157.07,4.8,Silver, HOSGELDIN15 ,4.9,-6
100419,280,Ufukay Gülen,Kadın,38,İstanbul,Kadıköy,5027,IKEA MALM Çalışma Masası,Ev & Yaşam,IKEA,3380.13,1,5,0.0,Kapıda Ödeme,Tamamlandı,07-07-2024 01:11:46,09-07-2024 18:11:46,3211.12,3.8,Silver,,4.3,-13
100420,362,Över Fırat,Erkek,19,İstanbul,Ataşehir,5008,LC Waikiki Kadın Triko Kazak,Giyim,LC Waikiki,312.49,1,15,49.99,Havale/EFT,Tamamlandı,07-01-2026 17:06:20,12-01-2026 10:06:20,315.61,4.5,Bronze,,3.6,19
100421,29,Sevim Duran,Kadın,24,Ankara,Mamak,5037,Decathlon Kamp Çadırı,Spor & Outdoor,Decathlon,1976.7,2,5,0.0,Dijital Cüzdan,Tamamlandı,29-06-2024 21:29:53,01-07-2024 01:29:53,3755.73,3.9,Gold,,4.5,11
100422,380,Öktürk Zengin,Erkek,24,Antalya,Kepez,5021,L'Oréal Paris Revitalift Serum,Kozmetik,L'Oréal,426.11,1,30,49.99,Kredi Kartı,Tamamlandı,09-02-2025 08:32:32,15-02-2025 17:32:32,348.27,4.5,Silver,,3.1,175
100423,157,Cercis Aslan,Erkek,43,İstanbul,Üsküdar,5001,Apple iPhone 13 128GB,Elektronik,Apple,39307.33,1,10,0.0,Kredi Kartı,Tamamlandı,06-08-2025 09:42:26,28-07-2025 09:42:26,35376.6,4.6,Bronze,,4.1,54
100424,163,Salami Karadeniz,Erkek,22,Ankara,Mamak,5020,Greyder Klasik Erkek Ayakkabı,Ayakkabı,Greyder,1243.52,3,0,0.0,Havale/EFT,Tamamlandı,28-10-2025 12:21:44,20-10-2025 12:21:44,3730.56,3.4,Gold,KARGOBEDAVA,4.1,12
100425,255,Rebihat Mansız,Kadın,34,Adana,Seyhan,5053,Guess Kadın Çanta,Aksesuar,Guess,3605.43,1,0,0.0,Kredi Kartı,Tamamlandı,18-01-2025 22:44:23,25-01-2025 00:44:23,3605.43,3.6,Gold,,4.1,19
100426,49,Müslum Kısakürek,Erkek,37,Antalya,Konyaaltı,5004,Sony WH-1000XM4 Kulaklık,Elektronik,Sony,8246.14,2,5,0.0,Kredi Kartı,Tamamlandı,06-04-2025 18:22:24,14-04-2025 03:22:24,15667.67,9.5,Gold,,4.8,90
100427,161,Zümre Sakarya,Kadın,35,İstanbul,Ataşehir,5016,Adidas Ultraboost 22,Ayakkabı,Adidas,4937.45,1,15,0.0,Kredi Kartı,Tamamlandı,22-05-2026 18:47:42,29-05-2026 23:47:42,4196.83,4.5,Platinum,,3.5,261
100428,339,Bilgen Şensoy,Erkek,21,Kocaeli,Gebze,5017,Puma Smash V2,Ayakkabı,Puma,2156.01,2,10,0.0,Kapıda Ödeme,Tamamlandı,01-01-2026 22:49:10,03-01-2026 14:49:10,3880.82,0.0,Silver,KARGOBEDAVA,3.8,30
100581,124,Baykan Yüksel,Erkek,28,İstanbul,Bakırköy,5054,Fossil Kol Saati,Aksesuar,Fossil,3896.62,1,15,0.0,Kredi Kartı,Tamamlandı,28-07-2025 09:43:07,04-08-2025 18:43:07,3312.13,3.7,Silver,,4.7,14
100430,,Sökmen Hayrioğlu,Erkek,26,Antalya,Konyaaltı,5015,NIKE AIR MAX 270,Ayakkabı,Nike,3647.63,1,0,0.0,Kapıda Ödeme,Tamamlandı,26-12-2025 15:52:44,31-12-2025 11:52:44,3647.63,3.3,Silver,,2.9,0
100431,82,Abdülsamed Tarhan,Erkek,46,Ankara,Çankaya,5016,Adidas Ultraboost 22,Ayakkabı,Adidas,5184.5,1,10,0.0,Havale/EFT,Tamamlandı,10-06-2026 17:41:20,17-06-2026 17:41:20,4666.05,3.6,Silver,YAZ2026,3.5,263
100432,309,Sabır Ülker,Kadın,35,Ankara,Çankaya,5057,Eti Crax Kraker 24lü Kutu,Süpermarket,Eti,216.86,4,10,0.0,Kapıda Ödeme,Tamamlandı,12-06-2026 05:07:03,14-06-2026 08:07:03,780.7,4.5,Silver,,4.6,55
100433,62,Ticen Gülen,Kadın,49,Bursa,Yıldırım,5060,Nestlé Nescafe Gold 200gr,Süpermarket,Nestlé,-357.51,2,5,19.99,Kredi Kartı,Tamamlandı,17-04-2025 11:59:20,25-04-2025 05:59:20,699.26,3.3,Gold,,3.6,16
100434,217,Menişan Mansız,Kadın,31,İstanbul,Beşiktaş,5011,DeFacto Basic Tişört,Giyim,DeFacto,141.41,1,5,19.99,Kredi Kartı,Tamamlandı,24-09-2024 11:31:22,30-09-2024 00:31:22,154.33,4.5,Bronze,,3.6,18
100435,143,Ünek Seven,Erkek,57,Trabzon,Ortahisar,5023,Maybelline Maskara,Kozmetik,Maybelline,227.52,1,0,19.99,Kapıda Ödeme,Tamamlandı,26-07-2024 08:43:34,30-07-2024 01:43:34,247.51,2.9,Silver,SEPET50,4.4,5
100436,351,Ruhsat Durmuş,Erkek,28,İstanbul,Şişli,5054,Fossil Kol Saati,Aksesuar,Fossil,,1,25,0.0,Dijital Cüzdan,İptal,05-04-2025 03:17:09,07-04-2025 12:17:09,2930.88,4.7,Silver,INDIRIM10,4.7,17
100437,324,Atgun Arslan,Erkek,18,Ankara,Mamak,5050,Barbie Rüya Evi,Oyuncak,Barbie,2544.05,3,15,0.0,Dijital Cüzdan,Tamamlandı,28-07-2025 12:06:50,04-08-2025 01:06:50,6487.33,4.1,Silver,,3.9,67
100438,83,,Erkek,44,Konya,Selçuklu,5022,Flormar Likit Fondöten,Kozmetik,Flormar,192.09,2,5,39.99,Kredi Kartı,Tamamlandı,24-07-2024 23:21:06,31-07-2024 04:21:06,404.96,4.3,Bronze,,4.3,97
100439,70,Işıkay Bilgin,Erkek,42,İstanbul,Şişli,5040,Under Armour Koşu Tişörtü,Spor & Outdoor,Under Armour,526.39,2,0,0.0,Kredi Kartı,Tamamlandı,,03-04-2026 23:44:11,1052.78,3.4,Bronze,,4.7,90
100440,232,Temuçin Şafak,Erkek,26,İzmir,Bornova,5016,Adidas Ultraboost 22,Ayakkabı,Adidas,4260.22,2,0,0.0,Kredi Kartı,Tamamlandı,12-06-2025 06:37:20,16-06-2025 18:37:20,8520.44,4.2,Bronze,,3.5,267
100441,115,Kaver Fırat,Kadın,26,İstanbul,Kadıköy,5059,Pınar Süt 1L 12li Koli,Süpermarket,Pınar,289.1,2,0,19.99,Dijital Cüzdan,Tamamlandı,20-05-2026 06:08:39,21-05-2026 18:08:39,598.19,4.5,Silver,,4.7,129
100442,134,Münezzer Erdoğan,Kadın,51,İstanbul,Maltepe,5010,Mavi Jeans Skinny Kot Pantolon,Giyim,MAVI,931.54,1,10,0.0,Kredi Kartı,İptal,08-09-2025 17:59:29,10-09-2025 00:59:29,838.39,3.2,Gold,,4.5,24
100443,137,Sırriye Bilir,Kadın,46,Ankara,Mamak,5024,Nivea Nemlendirici Krem,Kozmetik,Nivea,99.11,-2,10,39.99,Havale/EFT,Tamamlandı,02-12-2024 14:52:26,09-12-2024 18:52:26,307.59,4.1,,HOSGELDIN15,4.4,30
100444,317,Özdoğdu Zengin,Erkek,32,İzmir,Bornova,5023,Maybelline Maskara,Kozmetik,Maybelline,238.29,2,0,49.99,Kredi Kartı,Tamamlandı,11-05-2026 14:28:28,17-05-2026 20:28:28,526.57,3.8,Bronze,,4.4,6
100229,377,Balca Bilir,Kadın,23,Antalya,,,Huawei MatePad 11 Tablet,Elektronik,Huawei,10838.1,1,25,0.0,Kredi Kartı,Tamamlandı,11-02-2026 21:46:51,18-02-2026 20:46:51,8128.58,4.7,Bronze,,4.0,27
100446,130,Arkut Demirel,Erkek,38,Bursa,Nilüfer,5019,Bambi Hakiki Deri Bot,Ayakkabı,Bambi,1884.27,2,0,0.0,Kapıda Ödeme,Tamamlandı,01-12-2024 09:28:36,04-12-2024 01:28:36,3768.54,4.6,Silver,,4.4,68
100447,240,Övün Yılmaz,Kadın,67,İstanbul,Maltepe,5045,Huggies Islak Mendil 12li,Anne & Bebek,Huggies,318.96,1,0,19.99,Dijital Cüzdan,Tamamlandı,,19-03-2025 22:07:43,338.95,4.8,Silver,,3.8,156
100448,314,İvecen Yılmaz,Erkek,23,Eskişehir,Tepebaşı,5033,Tefal Airfryer,Mutfak,Tefal,2906.91,4,0,0.0,Dijital Cüzdan,Tamamlandı,02-11-2024 20:13:53,10-11-2024 17:13:53,22585.52,4.0,Bronze,,3.1,64
100449,28,Aynilhayat Gül,Kadın,45,İstanbul,Kadıköy,5014,Boyner Klasik Gömlek,Giyim,Boyner,395.79,1,0,49.99,Kredi Kartı,İade,20-10-2025 01:29:06,24-10-2025 12:29:06,445.78,4.7,Bronze,,4.4,5
100450,249,Özpınar Bilge,Erkek,22,İzmir,Konak,5054,Fossil Kol Saati,Aksesuar,Fossil,4351.62,1,0,0.0,Kredi Kartı,Tamamlandı,20-11-2024 18:31:21,28-11-2024 02:31:21,4351.62,4.0,Platinum,,0.0,20
100451,300,Münezzer Mansız,Kadın,29,İstanbul,Kadıköy,5033,Tefal Airfryer,Mutfak,Tefal,3496.9,1,20,0.0,Kredi Kartı,Tamamlandı,05-09-2024 11:57:57,06-09-2024 20:57:57,2797.52,4.3,Silver,,3.1,67
100452,63,Toktuğ Ertaş,Erkek,-1,Ankara,Etimesgut,5059,Pınar Süt 1L 12li Koli,Süpermarket,Pınar,316.59,3,0,0.0,Kredi Kartı,İptal,07-04-2026 17:28:15,12-04-2026 13:28:15,949.77,5.0,Bronze,,4.7,129
100453,337,Nurveren Soylu,Kadın,30,İstanbul,Kadıköy,5041,Can Yayınları Roman Seti,Kitap & Hobi,Can Yayınları,324.47,1,25,29.99,Kredi Kartı,Tamamlandı,22-03-2026 10:18:07,25-03-2026 11:18:07,273.34,3.9,Bronze,,3.6,28
100454,309,Sabır Ülker,Kadın,35,Ankara,Mamak,5016,Adidas Ultraboost 22,,Adidas,4267.02,5,20,0.0,Kredi Kartı,İptal,14-11-2024 14:08:41,18-11-2024 23:08:41,17068.08,4.5,Silver,,3.5,268
100455,79,Şahdiye Ertaş,Kadın,54,İstanbul,Beylikdüzü,5051,Fisher-Price Aktivite Masası,Oyuncak,Fisher-Price,1116.18,3,0,0.0,Havale/EFT,Tamamlandı,13-04-2026 03:29:57,20-04-2026 14:29:57,3348.54,4.4,Bronze,,3.7,12
100456,229,Kardelen Zorlu,Kadın,32,Trabzon,Akçaabat,5017,Puma Smash V2,Ayakkabı,Puma,1894.14,1,15,0.0,Kapıda Ödeme,Tamamlandı,19-08-2025 22:57:45,24-08-2025 00:57:45,1610.02,3.5,Silver,HOSGELDIN15,3.8,35
100457,347,Erenalp Çamurcuoğlu,ERKEK,22,İstanbul,Üsküdar,5059,Pınar Süt 1L 12li Koli,Süpermarket,Pınar,284.67,-3,5,39.99,Kredi Kartı,Tamamlandı,03-10-2025 10:56:13,05-10-2025 14:56:13,580.86,4.5,Bronze,,4.7,124
100458,128,Efser Zengin,Erkek,18,Bursa,Nilüfer,5036,Korkmaz Tencere Seti,Mutfak,Korkmaz,2252.5,-3,0,0.0,Kredi Kartı,Tamamlandı,05-09-2024 16:55:03,12-09-2024 15:55:03,2252.5,3.8,,,4.0,14
100459,182,Minibe Yorulmaz,Kadın,32,İstanbul,Beşiktaş,5049,Hot Wheels Araba Seti 10lu,Oyuncak,Hot Wheels,525.86,1,10,29.99,Kapıda Ödeme,İptal,17-07-2024 03:01:57,22-07-2024 01:01:57,503.26,4.3,Bronze,MAYIS25,3.4,87
100460,344,cansin sezgin,erkek,31,İzmir,Karşıyaka,5021,L'Oréal Paris Revitalift Serum,Kozmetik,L'Oréal,543.34,4,0,0.0,Kredi Kartı,Tamamlandı,09-02-2026 09:26:29,17-02-2026 06:26:29,2173.36,3.9,Bronze,MAYIS25,,174
100461,3,Evcimen Yüksel,Erkek,31,Ankara,Çankaya,5010,Mavi Jeans Skinny Kot Pantolon,Giyim,Mavi,829.53,1,5,0.0,Havale/EFT,tamamlandı,14-06-2026 17:43:15,18-06-2026 12:43:15,788.05,-2,Gold,,4.5,30
100462,185,Şide Fırat,Erkek,35,Konya,Meram,5051,Fisher-Price Aktivite Masası,Oyuncak,Fisher-Price,1051.33,1,0,0.0,Kredi Kartı,Tamamlandı,10-12-2024 00:58:34,12-12-2024 15:58:34,1051.33,3.6,Bronze,,3.7,15
100463,124,Baykan Yüksel,Erkek,28,İzmir,Çiğli,5012,Zara Oversize Ceket,Giyim,Zara,951.66,3,0,,Kredi Kartı,Tamamlandı,04-11-2024 16:12:41,09-11-2024 07:12:41,2854.98,3.7,Silver,KARGOBEDAVA,4.4,25
100464,125,Hadrey Erdoğan,Kadın,53,İstanbul,Kartal,5053,Guess Kadın Çanta,aksesuar,Guess,3583.99,1,0,0.0,Havale/EFT,Tamamlandı,31-07-2025 18:02:52,07-08-2025 12:02:52,3583.99,4.3,Bronze,,4.1,18
100465,149,YURTGÜVEN YORULMAZ,Erkek,43,İstanbul,Ataşehir,5031,Tarz Mobilya Sehpa,Ev & Yaşam,Tarz,1962.02,2,25,0.0,Dijital Cüzdan,İptal,24-01-2025 02:12:36,29-01-2025 02:12:36,2943.03,4.3,Silver,,4.1,15
100466,284,Ermutlu Akçay,Erkek,18,İstanbul,Ataşehir,5056,Ülker Albeni 12li Paket,Süpermarket,Ülker,74.2,1,25,39.99,Kredi Kartı,Tamamlandı,13-11-2024 10:29:10,19-11-2024 16:29:10,95.64,3.5,Silver,,4.2,55
100467,119,Yurttaş Sezer,Erkek,18,Bursa,Yıldırım,5058,Torku Zeytinyağı 5L,Süpermarket,Torku,871.24,4,20,0.0,Havale/EFT,Tamamlandı,28-03-2025 14:12:46,02-04-2025 11:12:46,2787.97,4.2,Silver,,4.1,5
100468,242,Faize Duran,Kadın,,Mersin,Yenişehir,5039,Adidas Spor Çanta,Spor & Outdoor,Adidas,782.88,2,0,0.0,Kredi Kartı,Tamamlandı,08-11-2024 22:03:16,13-11-2024 01:03:16,1565.76,4.2,Gold,,4.0,14
100469,156,Berksay Şafak,Erkek,31,İstanbul,Pendik,5003,"LG 55"" 4K Smart TV",Elektronik,LG,19496.68,1,0,0.0,Havale/EFT,Tamamlandı,29-10-2025 01:09:50,05-11-2025 03:09:50,,4.8,Silver,YAZ2026,3.9,252
100470,117,Dirlik İhsanoğlu,Erkek,34,İstanbul,Şişli,5031,tarz mobilya sehpa,Ev & Yaşam,Tarz,1732.04,1,5,0.0,Kredi Kartı,,01-03-2025 05:30:15,07-03-2025 00:30:15,1645.44,3.7,Gold,,4.1,10
100471,225,Çağlar Manço,Kadın,28,Mersin,Yenişehir,5006,Huawei MatePad 11 Tablet,Elektronik,Huawei,11579.45,2,20,0.0,Kredi Kartı,Tamamlandı,02-11-2025 03:50:16,04-11-2025 23:50:16,18527.12,3.5,Silver,INDIRIM10,4.0,32
100472,81,Saydam Bilge,Erkek,23,Gaziantep,Şahinbey,5048,Lego City Polis Seti,Oyuncak,Lego,1103.54,2,0,0.0,,Tamamlandı,20-10-2024 04:28:39,27-10-2024 10:28:39,,4.6,Silver,,4.9,31
100473,4,Dündaralp Yaman,,51,İstanbul,Beylikdüzü,5021,L'Oréal Paris Revitalift Serum,Kozmetik,L'Oréal,407.35,1,0,49.99,Kredi Kartı,Tamamlandı,03-11-2024 19:17:02,08-11-2024 02:17:02,457.34,4.6,Silver,KARGOBEDAVA,3.1,180
100474,210,Ertan Yaman,Erkek,46,Trabzon,Akçaabat,5060,Nestlé Nescafe Gold 200gr,Süpermarket,Nestlé,282.98,1,0,19.99,Kredi Kartı,Tamamlandı,16-11-2024 15:48:14,18-11-2024 03:48:14,302.97,4.1,Silver,,3.6,23
100475,329,Gönen Bilgin,Erkek,34,İstanbul,KARTAL,5003,"LG 55"" 4K Smart TV",Elektronik,LG,19399.8,5,15,0.0,Kapıda Ödeme,İade,04-08-2025 14:38:11,11-08-2025 12:38:11,82449.15,4.1,Silver,,3.9,247
100476,370,Eriş Manço,Kadın,52,Gaziantep,Şahinbey,5000,Samsung Galaxy A54 128GB,Elektronik,Samsung,21135.02,4,10,0.0,Kredi Kartı,Tamamlandı,22-03-2026 07:28:07,28-03-2026 02:28:07,76086.07,4.7,Premium+,,,44
100477,227,Şehza Bilir,Kadın,23,Konya,Meram,5049,Hot Wheels Araba Seti 10lu,Oyuncak,Hot Wheels,449.32,1,0,39.99,Kredi Kartı,Tamamlandı,08-10-2024 18:56:59,14-10-2024 03:56:59,489.31,4.4,Gold,MAYIS25,3.4,88
100478,160,Ünlen Bilge,Erkek,37,Bursa,Yıldırım,5010,Mavi Jeans Skinny Kot Pantolon,Giyim,Mavi,608.2,4,5,0.0,Kredi Kartı,İptal,08-04-2025 15:23:30,13-04-2025 18:23:30,2311.16,4.0,Bronze,,4.5,26
100479,133,Atanur Bilge,Kadın,31,Adana,Çukurova,5007,Casper Excalibur Oyuncu Bilgisayarı,Elektronik,,25525.06,2,0,0.0,Kredi Kartı,Tamamlandı,08-09-2025 12:20:30,11-09-2025 11:20:30,51050.12,3.4,Bronze,,5.0,84
100480,366,Macide Yüksel,Kadın,36,Trabzon,Ortahisar,5022,Flormar Likit Fondöten,Kozmetik,Flormar,179.92,2,15,29.99,Havale/EFT,Tamamlandı,09-02-2025 03:49:52,12-02-2025 19:49:52,335.85,3.5,Platinum,,4.3,92
100481,233,İnançlı Aslan,Erkek,32,İstanbul,Ataşehir,5053,Guess Kadın Çanta,Aksesuar,Guess,3035.67,1,5,0.0,Kredi Kartı,Tamamlandı,19-08-2024 13:26:44,26-08-2024 05:26:44,2883.89,4.0,Bronze,,4.1,18
100482,266,Erdursun Aslan,Erkek,41,Kayseri,Kocasinan,5037,Decathlon Kamp Çadırı,Spor & Outdoor,Decathlon,1599.06,1,5,0.0,Dijital Cüzdan,Tamamlandı,01-08-2025 05:55:44,03-08-2025 21:55:44,1519.11,3.1,Silver,SEPET50,4.5,13
100483,67,Kandef Korutürk,Kadın,22,Kocaeli,İzmit,5044,Prima Bebek Bezi Jumbo Paket,Anne & Bebek,Prima,331.9,1,15,39.99,Dijital Cüzdan,Tamamlandı,24-07-2025 04:01:01,25-07-2025 15:01:01,322.11,4.4,Gold,,3.7,124
100484,268,Deryanur Kısakürek,Kadın,26,İstanbul,Maltepe,5019,Bambi Hakiki Deri Bot,Ayakkabı,Bambi,1893.71,1,5,0.0,Kapıda Ödeme,Tamamlandı,25-01-2026 15:21:20,27-01-2026 00:21:20,1799.02,4.1,Gold,,4.4,66
100485,94,Baba Bilge,Erkek,39,Eskişehir,Tepebaşı,5000,Samsung Galaxy A54 128GB,Elektronik,Samsung,17611.64,1,20,0.0,Kredi Kartı,,01-01-2026 16:28:13,05-01-2026 04:28:13,14089.31,4.1,Premium+,,3.6,43
100486,68,İlklima Şafak,,23,Kayseri,Kocasinan,5048,Lego City Polis Seti,Oyuncak,Lego,1069.96,1,20,0.0,Kredi Kartı,Tamamlandı,12-04-2026 22:42:15,17-04-2026 10:42:15,855.97,5.0,Standart,KARGOBEDAVA,4.9,30
100487,277,Mükrüme Aslan,Kadın,46,İstanbul,Beylikdüzü,5047,Mamas & Papas Bebek Bavulu,Anne & Bebek,Mamas & Papas,2021.9,,,0.0,Kredi Kartı,Tamamlandı,26-05-2026 11:14:41,01-06-2026 07:14:41,2021.9,4.3,Gold,MAYIS25,,7
100488,99,Boğatimur Duran,Erkek,24,Kocaeli,İzmit,5036,Korkmaz Tencere Seti,Mutfak,Korkmaz,2773.93,3,5,0.0,Kredi Kartı,Tamamlandı,27-11-2025 06:32:39,28-11-2025 14:32:39,7905.7,4.2,Silver,,4.0,13
100489,362,Över Fırat,Erkek,19,Eskişehir,Tepebaşı,5005,Lenovo IdeaPad 3 Dizüstü Bilgisayar,Elektronik,Lenovo,22244.99,2,5,0.0,Kredi Kartı,İptal,24-06-2024 12:22:38,28-06-2024 17:22:38,42265.48,4.5,Bronze,,3.5,35
100490,163,Salami Karadeniz,Erkek,22,Ankara,ÇANKAYA,5007,Casper Excalibur Oyuncu Bilgisayarı,Elektronik,Casper,35777.65,2,0,0.0,Kredi Kartı,Tamamlandı,05-11-2024 11:10:12,10-11-2024 08:10:12,71555.3,3.4,Gold,MAYIS25_2026,5.0,80
100491,93,Gözem Zorlu,Kadın,31,,Kadıköy,5019,Bambi Hakiki Deri Bot,Ayakkabı,Bambi,1472.96,1,5,0.0,,Tamamlandı,02-10-2024 01:53:19,04-10-2024 08:53:19,1399.31,4.5,Silver,,4.4,72
100492,122,Nurda Dumanlı,Kadın,39,,Çiğli,5024,Nivea Nemlendirici Krem,Kozmetik,Nivea,156.45,1,0,49.99,Kredi Kartı,Tamamlandı,11-03-2026 08:30:36,12-03-2026 16:30:36,206.44,4.6,Silver,,4.4,36
100493,346,Ayyaruk Durmuş,Kadın,30,İstanbul,Pendik,5041,Can Yayınları Roman Seti,Kitap & Hobi,Can Yayınları,357.04,1,5,19.99,Kapıda Ödeme,Tamamlandı,24-10-2024 13:35:29,29-10-2024 18:35:29,359.18,4.8,Bronze,,3.6,28
100494,217,Menişan Mansız,Kadın,,Kocaeli,Gebze,5002,Xiaomi Redmi Note 12,Elektronik,Xiaomi,8003.5,1,15,0.0,,İade,01-06-2024 02:11:27,05-06-2024 10:11:27,6802.98,4.5,Bronze,,5.0,129
100495,195,Aygönenç Mansız,Kadın,44,Kocaeli,İzmit,5037,Decathlon Kamp Çadırı,SPOR & OUTDOOR,Decathlon,1872.55,1,0,0.0,Kredi Kartı,Tamamlandı,31-08-2024 14:23:33,06-09-2024 17:23:33,1872.55,3.8,Silver,,4.5,14
100496,144,Gülev Sakarya,Kadın,32,,Ortahisar,5039,Adidas Spor Çanta,Spor & Outdoor,Adidas,901.93,3,20,0.0,Dijital Cüzdan,Tamamlandı,26-05-2026 16:28:58,29-05-2026 23:28:58,2164.63,4.5,Silver,,4.0,
100497,175,Safinaz Sezer,Kadın,26,İstanbul,Kartal,5021,L'Oréal Paris Revitalift Serum,Kozmetik,L'Oréal,353.17,2,10,19.99,Havale/EFT,Tamamlandı,10-06-2024 06:19:05,14-06-2024 23:19:05,655.7,,Gold,,3.1,181
100498,202,Emal Ülker,Kadın,34,Bursa,Yıldırım,5041,Can Yayınları Roman Seti,Kitap & Hobi,Can Yayınları,215.5,1,15,49.99,Havale/EFT,Tamamlandı,21-06-2025 21:53:35,25-06-2025 09:53:35,233.17,4.1,Gold,SEPET50,3.6,20
100499,64,Beyda Eraslan,Erkek,23,İzmir,Bornova,5028,English Home Nevresim Takımı,Ev & Yaşam,,603.28,2,15,0.0,Havale/EFT,Tamamlandı,14-12-2024 03:16:32,21-12-2024 22:16:32,1025.58,3.8,Silver,,4.0,55
100500,120,Denizalp Demirel,Erkek,26,Kocaeli,Gebze,5002,Xiaomi Redmi Note 12,Elektronik,Xiaomi,8982.65,4,10,0.0,Kredi Kartı,Tamamlandı,16-03-2026 14:25:15,17-03-2026 22:25:15,32337.54,4.6,Silver,,5.0,126
100501,88,Filit Şafak,Erkek,37,Bursa,Yıldırım,5047,Mamas & Papas Bebek Bavulu,Anne & Bebek,Mamas & Papas,2252.57,2,10,0.0,Kredi Kartı,Tamamlandı,06-08-2024 04:38:22,09-08-2024 22:38:22,4054.63,4.6,Silver,,3.7,14
100502,374,Ruhide Seven,Kadın,36,Mersin,Yenişehir,5054,Fossil Kol Saati,Aksesuar,Fossil,4284.77,5,10,,Kredi Kartı,Tamamlandı,26-12-2025 16:31:37,28-12-2025 05:31:37,19281.47,3.6,Bronze,,4.7,20
100503,27,Kardelen Sezgin,Kadın,26,Samsun,Atakum,5027,IKEA MALM Çalışma Masası,Ev & Yaşam,IKEA,3344.34,1,0,0.0,Kredi Kartı,Tamamlandı,12-11-2025 01:34:57,18-11-2025 08:34:57,3344.34,4.5,Bronze,KARGOBEDAVA,4.3,40
100504,230,Tan Eraslan,Kadın,27,Ankara,Mamak,5012,Zara Oversize Ceket,Giyim,Zara,1100.82,4,15,0.0,Dijital Cüzdan,Tamamlandı,08-05-2026 15:25:50,09-05-2026 22:25:50,3742.79,3.4,Bronze,HOSGELDIN15,4.4,20
100505,33,Nevsale Durdu,Kadın,42,Adana,Seyhan,5001,Apple iPhone 13 128GB,Elektronik,Apple,38839.73,3,10,0.0,Havale/EFT,Tamamlandı,12-02-2025 08:59:54,13-02-2025 23:59:54,104867.27,4.9,Bronze,HOSGELDIN15,4.1,54
100506,171,Kasim Yılmaz,,24,Bursa,Osmangazi,5060,Nestlé Nescafe Gold 200gr,Süpermarket,Nestlé,287.29,2,5,19.99,,Tamamlandı,27-08-2024 02:12:34,28-08-2024 14:12:34,565.84,4.2,Bronze,SEPET50,3.6,14
100507,66,övün duran,Kadın,18,İstanbul,Beylikdüzü,5003,"LG 55"" 4K Smart TV",Elektronik,LG,255949.79,,0,0.0,Havale/EFT,Tamamlandı,29-03-2025 13:53:18,02-04-2025 16:53:18,32713.24,4.1,Bronze,,3.9,249
100508,120,Denizalp Demirel,Erkek,26,Samsun,İlkadım,5029,Madame Coco Halı,Ev & Yaşam,Madame Coco,1583.92,3,20,0.0,Havale/EFT,Tamamlandı,23-04-2026 00:56:44,27-04-2026 16:56:44,3801.41,,Silver,INDIRIM10,2.8,
100509,53,ÖGE ÖCALAN,,32,İstanbul,Beşiktaş,5037,Decathlon Kamp Çadırı,Spor & Outdoor,Decathlon,1831.53,1,10,0.0,Havale/EFT,Tamamlandı,06-08-2025 17:31:37,13-08-2025 12:31:37,1648.38,4.3,Silver,,4.5,9
100510,71,Eriş Zorlu,Kadın,36,Mersin,Yenişehir,5008,LC Waikiki Kadın Triko Kazak,Giyim,LC Waikiki,312.33,1,25,39.99,Kredi Kartı,İptal,28-10-2024 05:22:01,01-11-2024 14:22:01,274.24,4.9,Gold,,3.6,15
100511,189,Behiza Tevetoğlu,Kadın,43,Kocaeli,İzmit,5003,"LG 55"" 4K Smart TV",Elektronik,LG,16068.24,3,10,0.0,Kredi Kartı,Tamamlandı,23-12-2024 23:19:18,,43384.25,4.2,Silver,SEPET50,3.9,250
100512,356,Zülbiye Dumanlı,Kadın,36,Konya,Meram,5038,Nike Pro Antrenman Tayt,Spor & Outdoor,Nike,807.72,3,10,0.0,Kredi Kartı,Tamamlandı,03-05-2025 05:54:30,04-05-2025 19:54:30,2180.84,4.0,Silver,,4.0,9
100513,254,Özalpsan Durmuş,Erkek,27,İstanbul,Kadıköy,5040,Under Armour Koşu Tişörtü,Spor & Outdoor,Under Armour,505.76,9999,10,29.99,Kredi Kartı,Tamamlandı,06-05-2025 13:41:11,09-05-2025 01:41:11,485.17,3.6,Silver,YAZ2026,4.7,90
100514,6,Ulutay Korutürk,Erkek,28,İstanbul,Kadıköy,5035,,Mutfak,Fakir,3695.82,1,0,0.0,Havale/EFT,Tamamlandı,15-07-2024 01:04:50,17-07-2024 07:04:50,3695.82,3.8,Bronze,INDIRIM10,4.7,42
100515,369,Zeride Çorlu,Kadın,36,i̇stanbul,Pendik,5015,Nike Air Max 270,Ayakkabı,Nike,3732.1,1,-20,0.0,Dijital Cüzdan,Tamamlandı,25-04-2026 04:59:48,30-04-2026 00:59:48,3172.28,4.7,Platinum,,2.9,0
100516,174,Muvaffak Arslan,Erkek,18,Kocaeli,Gebze,5029,Madame Coco Halı,Ev & Yaşam,Madame Coco,1440.15,3,10,0.0,Dijital Cüzdan,İade,01-03-2026 15:47:28,22-02-2026 15:47:28,3888.41,3.3,Bronze,INDIRIM10,2.8,8
100517,99,Boğatimur Duran,Erkek,24,Bursa,Yıldırım,5023,Maybelline Maskara,Kozmetik,Maybelline,211.8,1,-20,19.99,Kapıda Ödeme,Tamamlandı,01-12-2025 10:42:39,08-12-2025 14:42:39,210.61,4.2,Silver,YAZ2026,4.4,10
100518,144,Gülev Sakarya,Kadın,32,Trabzon,Akçaabat,5013,Pull&Bear Kapüşonlu Sweatshirt,,Pull&Bear,718.19,5000,15,0.0,Havale/EFT,Tamamlandı,03-07-2025 23:29:10,11-07-2025 15:29:10,1831.38,4.5,Silver,MAYIS25,4.7,17
100519,92,Tomurcuk İnönü,Kadın,22,Ankara,Yenimahalle,5033,Tefal Airfryer,Mutfak,Tefal,3402.86,2,5,0.0,Kredi Kartı,Tamamlandı,19-01-2026 23:39:22,21-01-2026 05:39:22,6465.43,4.4,Bronze,INDIRIM10,3.1,64
100072,121,Görklü Gülen,Erkek,25,Ankara,Yenimahalle,5027,IKEA MALM Çalışma Masası,,IKEA,3388.71,2,25,0.0,Kredi Kartı,Tamamlandı,16-10-2024 03:03:33,19-10-2024 17:03:33,5083.07,4.0,Silver,,0,35
100521,299,Sarya Erdoğan,Kadın,31,İstanbul,Pendik,5039,Adidas Spor Çanta,,Adidas,834.55,1,5,0.0,Kredi Kartı,Tamamlandı,07-03-2025 13:55:18,08-03-2025 18:55:18,792.82,3.5,Bronze,,4.0,11
100522,331,Bilender Yıldırım,Erkek,27,İstanbul,Beşiktaş,5018,Skechers Yürüyüş Ayakkabısı,Ayakkabı,Skechers,2474.08,2,10,0.0,Kapıda Ödeme,İade,09-09-2024 04:19:03,10-09-2024 15:19:03,4453.34,3.8,Bronze,INDIRIM10,3.9,29
100523,101,Abdiş Tevetoğlu,Erkek,37,Konya,Meram,5019,,Ayakkabı,Bambi,1721.65,3,15,0.0,Kredi Kartı,Tamamlandı,20-10-2024 19:46:28,23-10-2024 19:46:28,4390.21,4.4,Silver,,4.4,67
100524,178,Gülev Arslan,Kadın,33,Mersin,Toroslar,5060,Nestlé Nescafe Gold 200gr,Süpermarket,Nestlé,320.58,2,10,49.99,Havale/EFT,İade,31-11-2024 16:40:00,02-11-2024 21:28:21,627.03,3.5,Platinum,,3.6,16
100525,243,Aybet Karadeniz,Kadın,25,İstanbul,Kartal,5050,Barbie Rüya Evi,,Barbie,3218.4,1,15,0.0,Kredi Kartı,Tamamlandı,10-12-2024 15:36:42,18-12-2024 13:36:42,2735.64,3.2,Silver,,3.9,73
100526,231,Ayçan Çorlu,Kadın,55,Samsun,İlkadım,5023,Maybelline Maskara,Kozmetik,Maybelline,193.9,4,0,0.0,Havale/EFT,Tamamlandı,06-04-2026 12:54:46,09-04-2026 19:54:46,775.6,4.1,Bronze,,4.4,10
100527,207,Selatin Sakarya,Erkek,18,Kayseri,Kocasinan,5020,Greyder Klasik Erkek Ayakkabı,Ayakkabı,Greyder,1252.17,5000,0,0.0,Kredi Kartı,İade,05-05-2025 20:41:13,12-05-2025 15:41:13,2504.34,4.9,Gold,,4.1,18
100528,201,Kaver Gülen,Kadın,200,Kocaeli,İzmit,5060,Nestlé Nescafe Gold 200gr,Süpermarket,nestlé,-319.06,2,0,19.99,Kredi Kartı,İade,17-03-2026 11:05:30,18-03-2026 16:05:30,658.11,3.7,Silver,MAYIS25_2026,3.6,15
100529,17,Ünsever Bilge,Erkek,33,eskişehir,Tepebaşı,5001,Apple iPhone 13 128GB,Elektronik,Apple,36493.54,1,25,0.0,Kredi Kartı,Tamamlandı,07-04-2026 19:05:33,09-04-2026 09:05:33,27370.15,3.5,Gold,MAYIS25,4.1,54
100530,88,Filit Şafak,Erkek,37,Ankara,Mamak,5025,,Kozmetik,Golden Rose,89.42,1,5,49.99,Havale/EFT,Tamamlandı,29-12-2024 04:43:50,05-01-2025 10:43:50,134.94,4.6,Silver,SEPET50,4.8,131
100531,244,Kanpulat Zengin,Erkek,26,İSTANBUL,Kartal,5060,Nestlé Nescafe Gold 200gr,,Nestlé,311.03,1,10,49.99,Kredi Kartı,Tamamlandı,25-10-2024 16:13:42,27-10-2024 04:13:42,329.92,3.5,Silver,,3.6,16
100532,270,Nazlim Bilgin,Erkek,45,Ankara,Etimesgut,5056,Ülker Albeni 12li Paket,Süpermarket,Ülker,74.73,1,0,19.99,Kredi Kartı,İptal,11-09-2025 12:37:33,15-09-2025 00:37:33,94.72,3.8,Gold,,4.2,50
100533,213,Ercihan Arsoy,Erkek,41,İstanbul,Kartal,5046,Chicco Bebek Arabası,Anne & Bebek,Chicco,5364.15,1,10,0.0,Havale/EFT,Tamamlandı,17-05-2026 01:35:23,19-05-2026 06:35:23,4827.73,4.9,Bronze,SEPET50,4.2,319
100534,150,Canur Yorulmaz,Kadın,42,Adana,Seyhan,5044,Prima Bebek Bezi Jumbo Paket,Anne & Bebek,Prima,408.98,4,20,0.0,Kredi Kartı,Tamamlandı,03-10-2024 13:25:30,04-10-2024 16:25:30,1308.74,4.5,Bronze,,3.7,129
100535,210,Ertan Yaman,Erkek,46,İzmir,Karşıyaka,5013,Pull&Bear Kapüşonlu Sweatshirt,Giyim,Pull&Bear,651.82,1,0,49.99,Kredi Kartı,Tamamlandı,17-12-2024 14:26:32,18-12-2024 14:26:32,701.81,4.1,Silver,SEPET50,4.7,12
100536,168,Noman Bilir,Erkek,44,Konya,Meram,5031,Tarz Mobilya Sehpa,,Tarz,1915.22,1,10,0.0,Havale/EFT,Tamamlandı,26-09-2025 10:09:47,03-10-2025 15:09:47,1723.7,4.0,Bronze,YAZ2026,4.1,19
100537,52,Mübetcel Karadeniz,Kadın,30,İstanbul,Beşiktaş,5034,,Mutfak,Arzum,1270.72,1,10,0.0,Kredi Kartı,tamamlandı,26-08-2025 13:02:15,25-08-2025 13:02:15,1143.65,3.6,Silver,,3.2,61
100538,273,,Kadın,18,İstanbul,Kadıköy,5053,Guess Kadın Çanta,Aksesuar,Guess,3325.23,2,10,0.0,Havale/EFT,Tamamlandı,08-05-2026 11:13:32,12-05-2026 12:13:32,12013.18,3.6,Silver,,4.1,10
100539,194,Seyithan Tevetoğlu,Erkek,37,Kayseri,Melikgazi,5023,Maybelline Maskara,Kozmetik,Maybelline,270.88,1,0,19.99,Dijital Cüzdan,Tamamlandı,14-12-2024 02:18:00,16-12-2024 05:18:00,290.87,5.0,Silver,,5.8,10
100540,86,Ertuncay Öcalan,Erkek,24,Gaziantep,Şehitkamil,5026,Bioderma Sensibio Micellar Su,Kozmetik,Bioderma,361.5,3,0,0.0,Havale/EFT,Tamamlandı,07-12-2025 14:23:01,11-12-2025 17:23:01,1084.5,3.6,Silver,YAZ2026,4.6,173
100541,166,Havali Aksu,Kadın,33,İSTANBUL,Ataşehir,5041,Can Yayınları Roman Seti,Kitap & Hobi,Can Yayınları,263.25,1,5,19.99,Havale/EFT,Tamamlandı,01-03-2026 13:26:02,02-03-2026 15:26:02,681.64,3.6,Gold,,3.6,26
100542,155,Zehranur Dumanlı,Kadın,40,Kayseri,Kocasinan,5006,Huawei MatePad 11 Tablet,Elektronik,Huawei,11351.35,3,20,0.0,Havale/EFT,Tamamlandı,06-09-2024 21:50:25,30-08-2024 21:50:25,27243.24,4.0,Silver,,4.0,37
100543,356,Zülbiye Dumanlı,Kadın,36,İstanbul,Üsküdar,5040,Under Armour Koşu Tişörtü,Spor & Outdoor,Under Armour,640.43,2,25,0.0,Havale/EFT,Tamamlandı,19-06-2024 22:09:21,25-06-2024 12:09:21,960.64,4.0,Silver,SEPET50,4.7,88
100544,258,Buhari Sezgin,Erkek,27,Antalya,Muratpaşa,5014,Boyner Klasik Gömlek,,Boyner,355.3,1000,0,0.0,Kredi Kartı,Tamamlandı,05-02-2025 22:33:53,06-02-2025 23:33:53,1065.9,4.6,Silver,kargobedava,4.4,1
100545,104,,Erkek,39,İstanbul,Şişli,5041,,Kitap & Hobi,Can Yayınları,207.58,4,10,-25.779704540830185,Dijital Cüzdan,Tamamlandı,03-05-2025 04:53:18,06-05-2025 14:53:18,747.29,4.4,Bronze,,3.6,20
100546,267,Bozerk Çetin,Erkek,33,Mersin,Toroslar,5041,Can Yayınları Roman Seti,Kitap & Hobi,Can Yayınları,362.54,3,0,0.0,Havale/EFT,Tamamlandı,28-12-2024 19:38:08,30-12-2024 16:38:08,1087.62,3.4,Silver,,3.6,30
100547,357,Ferinaz Korutürk,Kadın,28,Gaziantep,Şahinbey,5033,Tefal Airfryer,,Tefal,2918.13,1,0,0.0,Kapıda Ödeme,Tamamlandı,15-12-2024 01:53:49,21-12-2024 05:53:49,2918.13,4.3,Silver,,3.1,59
100548,47,Saba Gül,Erkek,26,İstanbul,Pendik,5053,Guess Kadın Çanta,Aksesuar,Guess,3533.8,1,5,0.0,Kredi Kartı,Tamamlandı,16-11-2024 07:11:31,18-11-2024 20:11:31,3357.11,3.9,Gold,INDIRIM10,4.1,14
100061,147,Safinaz Seven,Kadın,27,Antalya,Kepez,5012,Zara Oversize Ceket,Giyim,Zara,1063.12,3,0,0.0,Dijital Cüzdan,Tamamlandı,19-11-2024 17:08:17,24-11-2024 06:08:17,3189.36,4.6,Gold,,4.4,22
100550,80,Risalet Eraslan,Erkek,20,Eskişehir,Tepebaşı,5001,Apple iPhone 13 128GB,Elektronik,Apple,-41095.43,1,0,0.0,Dijital Cüzdan,Tamamlandı,03-12-2025 05:33:47,09-12-2025 04:33:47,41095.43,4.5,Bronze,KARGOBEDAVA,4.1,61
100551,157,Cercis Aslan,Erkek,43,İzmir,Buca,5035,Fakir Robot Süpürge,Mutfak,Fakir,4530.24,1,0,0.0,Kredi Kartı,Tamamlandı,12-12-2024 00:09:07,13-12-2024 16:09:07,10226.19,4.6,Bronze,,4.7,43
100552,252,Hurican Ülker,Kadın,18,İzmir,Buca,5060,Nestlé Nescafe Gold 200gr,Süpermarket,Nestlé,319.46,2,5,39.99,Havale/EFT,Tamamlandı,24-07-2025 01:24:49,25-07-2025 13:24:49,646.96,4.4,Bronze,,3.6,15
100553,100,Yurtseven Çamurcuoğlu,Kadın,34,Kayseri,Kocasinan,5049,Hot Wheels Araba Seti 10lu,Oyuncak,Hot Wheels,628.27,2,5,0.0,Kredi Kartı,Tamamlandı,15-05-2026 02:06:03,21-05-2026 14:06:03,1193.71,3.4,Silver,,3.4,83
100554,,Hadrey Erdoğan,Kadın,53,İzmir,Karşıyaka,5040,Under Armour Koşu Tişörtü,Spor & Outdoor,Under Armour,626.64,1,10,29.99,Kredi Kartı,Tamamlandı,29-04-2026 05:21:55,02-05-2026 12:21:55,593.97,4.3,Bronze,,4.7,95
100555,83,Yertan Demir,Erkek,44,i̇stanbul,Beşiktaş,5041,Can Yayınları Roman Seti,Kitap & Hobi,Can Yayınları,342.32,1,10,19.99,Kredi Kartı,Tamamlandı,08-08-2025 06:02:14,15-08-2025 19:02:14,328.08,4.3,Bronze,HOSGELDIN15,3.6,28
100556,273,Merva Alemdar,Kadın,18,Adana,Çukurova,5037,Decathlon Kamp Çadırı,Spor & Outdoor,Decathlon,1446.38,1,20,0.0,Havale/EFT,Tamamlandı,14-03-2026 20:50:53,22-03-2026 07:50:53,1157.1,3.6,Silver,,4.5,10
100557,108,Beste Çorlu,Kadın,30,KOCAELI,Gebze,5044,Prima Bebek Bezi Jumbo Paket,Anne & Bebek,Prima,346.22,5,15,0.0,Kredi Kartı,Tamamlandı,15-05-2026 15:12:47,21-05-2026 04:12:47,1471.44,4.6,Bronze,,3.7,130
100558,88,Filit Şafak,Erkek,37,İstanbul,Üsküdar,5045,huggies islak mendil 12li,Anne & Bebek,Huggies,267.46,1,5,19.99,Kredi Kartı,İptal,08-12-2024 07:18:57,10-12-2024 06:18:57,274.08,4.6,Silver,INDIRIM10,3.8,156
100559,210,Ertan Yaman,Erkek,46,İzmir,Çiğli,5006,Huawei MatePad 11 Tablet,Elektronik,Huawei,11865.59,1,0,0.0,Kredi Kartı,Tamamlandı,17-05-2025 01:04:48,22-05-2025 08:04:48,11865.59,4.1,Silver,,4.0,37
100560,52,Mübetcel Karadeniz,Kadın,30,İstanbul,Bakırköy,5048,Lego City Polis Seti,Oyuncak,Lego,1373.13,2,15,0.0,Kredi Kartı,Tamamlandı,08-06-2024 13:40:39,14-06-2024 05:40:39,2334.32,3.6,Silver,,4.9,29
100561,249,,Erkek,22,İzmir,Karşıyaka,5038,Nike Pro Antrenman Tayt,Spor & Outdoor,Nike,728.84,1,20,39.99,Kapıda Ödeme,İade,13-04-2026 14:30:28,18-04-2026 09:30:28,623.06,4.0,Platinum,HOSGELDIN15,4.0,14
100562,52,Mübetcel Karadeniz,Kadın,30,İstanbul,Ataşehir,5046,Chicco Bebek Arabası,Anne & Bebek,Chicco,6170.84,4,0,0.0,Kredi Kartı,Tamamlandı,18-05-2026 09:02:56,21-05-2026 23:02:56,24683.36,3.6,Silver,,4.2,-2
100563,244,Kanpulat Zengin,ERKEK,26,Bursa,Yıldırım,5012,Zara Oversize Ceket,Giyim,Zara,901.88,2,25,0.0,Kredi Kartı,Tamamlandı,17-07-2024 11:51:07,24-07-2024 01:51:07,1352.82,3.5,Silver,KARGOBEDAVA,4.4,22
100564,379,Oluş Akçay,Kadın,39,Antalya,Muratpaşa,5022,Flormar Likit Fondöten,Kozmetik,Flormar,192.79,4,25,0.0,Dijital Cüzdan,İptal,11-09-2024 14:00:44,15-09-2024 09:00:44,578.37,4.2,Gold,INDIRIM10,4.3,95
100565,293,Hürüyet Türk,Kadın,36,Mersin,Yenişehir,5008,LC Waikiki Kadın Triko Kazak,Giyim,LC Waikiki,349.59,10000,15,49.99,Kredi Kartı,Tamamlandı,27-09-2024 17:33:18,04-10-2024 10:33:18,640.89,4.2,Bronze,INDIRIM10,3.6,13
100566,338,Pürçek Yüksel,Kadın,18,Konya,Selçuklu,5027,IKEA MALM Çalışma Masası,Ev & Yaşam,IKEA,3493.36,1,20,0.0,Kredi Kartı,Tamamlandı,15-03-2025 08:01:25,21-03-2025 16:01:25,2794.69,3.6,Bronze,,4.3,42
100567,64,Beyda Eraslan,Erkek,23,Adana,Çukurova,5005,Lenovo IdeaPad 3 Dizüstü Bilgisayar,Elektronik,Lenovo,22171.01,1,0,0.0,Havale/EFT,İade,06-08-2024 23:26:48,10-08-2024 11:26:48,22171.01,3.8,Silver,,3.5,33
100568,335,Kıvılcım Akgündüz,Erkek,18,Adana,Çukurova,5051,Fisher-Price Aktivite Masası,Oyuncak,Fisher-Price,1016.68,1,0,0.0,Kredi Kartı,Tamamlandı,28-01-2026 06:51:02,03-02-2026 09:51:02,1016.68,4.8,Gold,,3.7,7
100569,161,Zümre Sakarya,Kadın,35,Kocaeli,İzmit,5019,Bambi Hakiki Deri Bot,,Bambi,1243.32,2,15,0.0,Dijital Cüzdan,Tamamlandı,09-06-2025 04:35:55,15-06-2025 01:35:55,2113.64,4.5,Platinum,,4.4,66
100570,55,Atanur Sezgin,Kadın,36,Ankara,Etimesgut,5054,Fossil Kol Saati,Aksesuar,Fossil,3936.96,1,25,0.0,Kapıda Ödeme,Tamamlandı,10-09-2025 05:22:03,08-09-2025 05:22:03,2952.72,4.1,Gold,SEPET50,4.7,10
100571,,Galip Durmuş,Erkek,37,Ankara,Etimesgut,5044,Prima Bebek Bezi Jumbo Paket,Anne & Bebek,Prima,318.52,5,10,0.0,Kredi Kartı,İptal,20-10-2025 10:36:46,24-10-2025 11:36:46,1433.34,3.4,Bronze,,3.7,129
100572,79,Şahdiye Ertaş,Kadın,54,Eskişehir,Odunpazarı,5054,Fossil Kol Saati,Aksesuar,Fossil,4372.25,3,10,-34.276563392829146,Kredi Kartı,İptal,01-12-2024 17:44:58,06-12-2024 02:44:58,11805.08,4.4,Bronze,,4.7,20
100573,82,Abdülsamed Tarhan,Erkek,0,Kocaeli,Gebze,5021,L'Oréal Paris Revitalift Serum,,L'Oréal,434.49,1,0,49.99,Kredi Kartı,Tamamlandı,17-03-2025 10:16:50,23-03-2025 16:16:50,484.48,3.6,Silver,,3.1,182
100574,,Emal Ülker,Kadın,34,İstanbul,Maltepe,5048,Lego City Polis Seti,,Lego,1274.77,3,0,0.0,Dijital Cüzdan,Tamamlandı,02-04-2026 05:57:35,07-04-2026 09:57:35,3824.31,4.1,Gold,,4.9,32
100575,150,Canur Yorulmaz,Kadın,42,Trabzon,Ortahisar,5013,Pull&Bear Kapüşonlu Sweatshirt,Giyim,Pull&Bear,741.31,1,10,39.99,Havale/EFT,Tamamlandı,26-04-2026 05:22:26,30-04-2026 18:22:26,707.17,4.5,Bronze,,4.7,12
100576,29,Sevim Duran,Kadın,24,İstanbul,Beylikdüzü,5011,DeFacto Basic Tişört,,DeFacto,214.51,1,5,39.99,Havale/EFT,İade,05-03-2026 14:42:32,07-03-2026 15:42:32,243.77,3.9,Gold,KARGOBEDAVA,3.6,22
100577,155,Zehranur Dumanlı,Kadın,40,Konya,Selçuklu,5041,Can Yayınları Roman Seti,Kitap & Hobi,Can Yayınları,349.04,3,30,0.0,Havale/EFT,Tamamlandı,18-09-2025 23:40:37,23-09-2025 07:40:37,732.98,4.0,Silver,,3.6,27
100578,189,BEHIZA TEVETOĞLU,Kadın,43,İstanbul,Beşiktaş,5005,Lenovo IdeaPad 3 Dizüstü Bilgisayar,Elektronik,Lenovo,17793.34,2,20,0.0,Kredi Kartı,Tamamlandı,08-01-2026 17:27:28,12-01-2026 15:27:28,28469.34,4.2,Silver,,3.5,36
100579,93,Gözem Zorlu,Kadın,31,Ankara,Mamak,5019,Bambi Hakiki Deri Bot,Ayakkabı,Bambi,1600.0,1,0,0.0,Dijital Cüzdan,Tamamlandı,07-12-2024 14:45:27,15-12-2024 12:45:27,1600.0,4.5,Silver,MAYIS25,4.4,71
100580,272,Münif Ergül,Erkek,39,İzmir,Çiğli,5053,Guess Kadın Çanta,Aksesuar,Guess,3260.14,2,15,0.0,Kredi Kartı,Tamamlandı,06-04-2026 04:16:18,08-04-2026 23:16:18,5542.24,5.0,Silver,,4.1,10
100581,285,İhsan Eraslan,Kadın,18,İzmir,Karşıyaka,5007,Casper Excalibur Oyuncu Bilgisayarı,Elektronik,Casper,25430.57,2,10,0.0,Kredi Kartı,Tamamlandı,06-07-2024 03:04:50,07-07-2024 19:04:50,45775.03,3.9,Silver,MAYIS25,5.0,77
100582,217,Menişan Mansız,Kadın,31,Kocaeli,İzmit,5015,Nike Air Max 270,Ayakkabı,Nike,3890.78,4,5,0.0,Kapıda Ödeme,Tamamlandı,30-08-2025 05:05:31,04-09-2025 20:05:31,14784.96,4.5,Bronze,,2.9,4
100583,181,Zeyno Yorulmaz,Kadın,39,Antalya,Kepez,5013,Pull&Bear Kapüşonlu Sweatshirt,Giyim,Pull&Bear,706.38,2,0,0.0,Kredi Kartı,Tamamlandı,07-01-2025 04:53:10,12-01-2025 21:53:10,1412.76,5.0,Bronze,HOSGELDIN15,4.7,14
100584,66,Övün Duran,Kadın,18,Gaziantep,Şahinbey,5004,Sony WH-1000XM4 Kulaklık,Elektronik,Sony,8209.67,1,10,0.0,Kredi Kartı,Tamamlandı,16-02-2025 15:29:10,14-02-2025 15:29:10,,4.1,Bronze,,4.8,83
100585,,Ganiye Ülker,Kadın,31,Gaziantep,Şehitkamil,5045,Huggies Islak Mendil 12li,Anne & Bebek,Huggies,,2,15,29.99,Kredi Kartı,Tamamlandı,19-08-2025 13:47:48,21-08-2025 08:47:48,537.24,3.9,Bronze,HOSGELDIN15,3.8,153
100586,273,Merva Alemdar,Kadın,18,İstanbul,Pendik,5026,Bioderma Sensibio Micellar Su,Kozmetik,Bioderma,307.92,2,5,39.99,Kapıda Ödeme,Tamamlandı,18-01-2025 09:57:47,19-01-2025 12:57:47,625.04,3.6,Silver,INDIRIM10,4.6,174
100587,54,Alpin Bilgin,Erkek,54,Mersin,Yenişehir,5011,DeFacto Basic Tişört,Giyim,DeFacto,172.65,4,10,49.99,Kredi Kartı,Tamamlandı,07-01-2026 10:16:01,12-01-2026 18:16:01,671.53,4.2,Silver,,3.6,15
100588,88,Filit Şafak,Erkek,37,Ankara,Mamak,5011,DeFacto Basic Tişört,Giyim,DeFacto,154.52,2,25,49.99,Kredi Kartı,Tamamlandı,10-06-2024 18:41:54,16-06-2024 22:41:54,281.77,4.6,Silver,,3.6,17
100589,194,SEYITHAN TEVETOĞLU,Erkek,37,Antalya,Konyaaltı,5003,"LG 55"" 4K Smart TV",Elektronik,LG,19132.99,2,5,0.0,Kapıda Ödeme,Tamamlandı,03-08-2025 16:40:03,,36352.68,5.0,Silver,,3.9,250
100590,258,Buhari Sezgin,Erkek,27,Ankara,Mamak,5033,Tefal Airfryer,Mutfak,Tefal,3724.18,4,15,0.0,Kredi Kartı,İptal,09-04-2025 14:48:02,12-04-2025 16:48:02,12662.21,4.6,Silver,,3.1,58
100591,374,Ruhide Seven,Kadın,36,İstanbul,Beşiktaş,5010,Mavi Jeans Skinny Kot Pantolon,Giyim,Mavi,801.36,1,0,0.0,Dijital Cüzdan,İptal,11-06-2024 15:26:12,17-06-2024 14:26:12,801.36,3.6,Bronze,KARGOBEDAVA,4.5,29
100592,351,Ruhsat Durmuş,E,28,Kocaeli,İzmit,5025,Golden Rose Ruj,Kozmetik,Golden Rose,80.83,1,15,19.99,Havale/EFT,Tamamlandı,20-05-2025 08:53:31,27-05-2025 05:53:31,88.7,4.7,Silver,,4.8,129
100593,351,Ruhsat Durmuş,Erkek,28,Antalya,Kepez,5028,English Home Nevresim Takımı,Ev & Yaşam,English Home,937.63,2,20,0.0,Kredi Kartı,Tamamlandı,16-08-2024 13:21:50,23-08-2024 17:21:50,1500.21,4.7,Silver,,,52
100594,217,Menişan Mansız,Kadın,31,İzmir,Bornova,5023,Maybelline Maskara,Kozmetik,Maybelline,276.97,1,10,19.99,Kredi Kartı,Tamamlandı,27-02-2025 07:45:26,01-03-2025 06:45:26,269.26,4.5,Bronze,,4.4,6
100595,112,Bağdaş Yaman,Erkek,41,Denizli,Pamukkale,5059,Pınar Süt 1L 12li Koli,Süpermarket,Pınar,282.41,2,5,39.99,Kredi Kartı,Tamamlandı,02-04-2025 12:53:05,03-04-2025 12:53:05,576.57,3.1,Silver,SEPET50,4.7,122
100596,206,mükramin mansız,Erkek,41,Ankara,Çankaya,5027,IKEA MALM Çalışma Masası,Ev & Yaşam,IKEA,2992.05,1,5,0.0,Kredi Kartı,tamamlandı,13-10-2025 00:15:05,15-10-2025 21:15:05,2842.45,3.4,Silver,KARGOBEDAVA,4.3,38
100064,192,Dursadiye Akça,Kadın,18,Ankara,Mamak,5057,Eti Crax Kraker 24lü Kutu,Süpermarket,Eti,162.75,3,0,49.99,Havale/EFT,Tamamlandı,22-10-2024 12:52:45,29-10-2024 01:52:45,,3.8,Bronze,SEPET50,4.6,50
100598,57,Kezban Erdoğan,Kadın,34,İstanbul,Kadıköy,5008,Lc Waikiki Kadın Triko Kazak,Giyim,LC Waikiki,328.91,2,20,29.99,Havale/EFT,İade,13-04-2026 09:40:38,14-04-2026 22:40:38,556.25,5.0,Bronze,,3.6,18
100599,350,Nabil Ülker,Erkek,44,Gaziantep,Şahinbey,5048,Lego City Polis Seti,Oyuncak,Lego,1258.64,4,5,,Dijital Cüzdan,İptal,04-07-2025 04:47:05,05-07-2025 07:47:05,4782.83,4.0,Platinum,,4.9,27
100600,80,Risalet Eraslan,Erkek,20,Ankara,Çankaya,5049,Hot Wheels Araba Seti 10lu,Oyuncak,Hot Wheels,571.11,1,15,49.99,Dijital Cüzdan,Tamamlandı,19-08-2025 17:28:59,23-08-2025 02:28:59,535.43,4.5,Bronze,,3.4,86
100601,127,İncifir Durmuş,Kadın,57,Antalya,Kepez,5032,KARACA TOST MAKINESI,Mutfak,Karaca,774.74,1,,0.0,Kredi Kartı,Tamamlandı,14-04-2026 15:37:30,17-04-2026 06:37:30,774.74,4.7,Silver,,4.2,167
100602,359,Işın İnönü,Kadın,35,Gaziantep,Şehitkamil,5012,Zara Oversize Ceket,Giyim,Zara,1495.53,2,10,0.0,Kredi Kartı,Tamamlandı,10-07-2024 09:58:15,12-07-2024 13:58:15,2691.95,4.2,Silver,,4.4,25
100603,103,Adlan Demir,Erkek,18,İstanbul,Kadıköy,5024,Nivea Nemlendirici Krem,Kozmetik,Nivea,118.51,1,10,29.99,Kredi Kartı,Tamamlandı,02-08-2024 18:33:48,07-08-2024 14:33:48,136.65,3.5,Platinum,YAZ2026,4.4,31
100604,187,Oruç Çorlu,Erkek,49,Ankara,Yenimahalle,5045,Huggies Islak Mendil 12li,Anne & Bebek,Huggies,304.35,1,0,19.99,Kredi Kartı,Tamamlandı,04/26/2025 07:43:04,29-04-2025 22:43:04,324.34,4.7,Bronze,MAYIS25,3.8,153
100605,221,Cuheyna Akça,Kadın,38,İstanbul,Beylikdüzü,5023,Maybelline Maskara,Kozmetik,Maybelline,213.43,1,10,29.99,Kredi Kartı,Tamamlandı,06-06-2025 21:26:29,12-06-2025 16:26:29,222.08,4.1,Platinum,SEPET50,4.4,4
100606,108,Beste Çorlu,Kadın,30,Antalya,Muratpaşa,5056,Ülker Albeni 12li Paket,Süpermarket,Ülker,63.19,2,10,19.99,Havale/EFT,İptal,02-04-2026 06:56:00,05-04-2026 04:56:00,133.73,4.6,Bronze,,4.2,49
100607,39,Cevale Kısakürek,Kadın,34,Kocaeli,Gebze,5019,Bambi Hakiki Deri Bot,Ayakkabı,Bambi,1707.75,5,0,0.0,Havale/EFT,Tamamlandı,14-12-2024 15:13:35,20-12-2024 13:13:35,8538.75,3.9,Bronze,MAYIS25,4.4,68
100608,188,Şerafeddin Akçay,Erkek,57,İzmir,Konak,5058,Torku Zeytinyağı 5L,Süpermarket,Torku,809.03,1,5,0.0,Dijital Cüzdan,Tamamlandı,18-11-2024 21:48:52,22-11-2024 19:48:52,768.58,3.6,Platinum,,4.1,4
100609,24,Aydınbey Kısakürek,Erkek,28,Kocaeli,İzmit,5050,Barbie Rüya Evi,Oyuncak,Barbie,3764.22,1,15,0.0,Kredi Kartı,Tamamlandı,08-11-2025 02:43:48,10-11-2025 16:43:48,3199.59,4.7,Gold,,3.9,72
100610,288,Nazi Gül,Kadın,43,Kayseri,Kocasinan,5038,Nike Pro Antrenman Tayt,Spor & Outdoor,Nike,681.45,1,0,29.99,Havale/EFT,Tamamlandı,08-11-2025 16:34:55,14-11-2025 14:34:55,711.44,,Silver,,4.0,13
100611,156,Berksay Şafak,Erkek,31,Samsun,Atakum,5045,Huggies Islak Mendil 12li,Anne & Bebek,Huggies,284.91,1,0,29.99,Kredi Kartı,Tamamlandı,12-03-2025 04:50:28,15-03-2025 05:50:28,314.9,,Silver,,3.8,155
100612,108,Beste Çorlu,Kadın,30,Bursa,Osmangazi,5041,Can Yayınları Roman Seti,Kitap & Hobi,Can Yayınları,269.49,2,5,19.99,Dijital Cüzdan,İptal,26-02-2025 04:51:52,02-03-2025 23:51:52,532.02,4.6,Bronze,YAZ2026,3.6,30
100613,6,Ulutay Korutürk,Erkek,28,Eskişehir,Odunpazarı,5046,Chicco Bebek Arabası,Anne & Bebek,Chicco,6430.45,1,25,0.0,Kredi Kartı,İade,19-01-2026 03:52:31,26-01-2026 02:52:31,4822.84,3.8,Bronze,,4.2,321
100614,132,Eflâtun Erdoğan,Erkek,18,Trabzon,Ortahisar,5052,Pierre Cardin Cüzdan,Aksesuar,Pierre Cardin,582.66,1,0,49.99,Kredi Kartı,Tamamlandı,14-06-2026 15:47:52,17-06-2026 19:47:52,632.65,3.5,Gold,,5.0,
100615,254,Özalpsan Durmuş,Erkek,27,İstanbul,Üsküdar,5052,Pierre Cardin Cüzdan,Aksesuar,Pierre Cardin,708.71,1,5,29.99,,Tamamlandı,14-11-2024 06:28:15,21-11-2024 18:28:15,703.26,3.6,Silver,,5.0,99
100616,36,Tuğtaş Bilgin,Erkek,,İstanbul,Ataşehir,5015,Nike Air Max 270,Ayakkabı,Nike,4091.53,2,5,0.0,Havale/EFT,Tamamlandı,13-06-2024 21:57:54,15-06-2024 09:57:54,-7773.91,5.0,Gold,YAZ2026,2.9,0
100617,330,Ümmet Akar,Erkek,36,Kocaeli,İzmit,5015,Nike Air Max 270,Ayakkabı,Nike,4501.15,1,25,0.0,Havale/EFT,Tamamlandı,10-06-2024 03:52:18,16-06-2024 02:52:18,3375.86,4.0,Silver,,2.9,0
100618,104,Işıman Akgündüz,Erkek,39,İstanbul,Kartal,5057,Eti Crax Kraker 24lü Kutu,Süpermarket,Eti,181.1,1,0,29.99,Kredi Kartı,,01-03-2025 22:50:45,07-03-2025 01:50:45,211.09,4.4,Bronze,YAZ2026,4.6,48
100619,279,Eşref Ergül,Erkek,28,Ankara,Etimesgut,5056,Ülker Albeni 12li Paket,Süpermarket,Ülker,85.09,1,20,19.99,Kredi Kartı,Tamamlandı,28-05-2025 23:51:39,01-06-2025 06:51:39,88.06,3.8,Bronze,,4.2,58
100620,197,İlkbahar Durdu,Kadın,19,Konya,Selçuklu,5031,Tarz Mobilya Sehpa,Ev & Yaşam,Tarz,1652.6,1,0,0.0,Dijital Cüzdan,Tamamlandı,21-02-2026 12:09:01,22-02-2026 23:09:01,1652.6,5.0,Silver,,4.1,11
100621,23,Halidun Sakarya,Erkek,18,Antalya,Muratpaşa,5027,IKEA MALM Çalışma Masası,ev & yaşam,IKEA,3030.48,2,10,0.0,Kredi Kartı,Tamamlandı,05-04-2025 22:44:48,13-04-2025 07:44:48,5454.86,3.7,Premium+,YAZ2026_2026,4.3,36
100622,256,Fehmiye İhsanoğlu,Kadın,36,Adana,Çukurova,5051,Fisher-Price Aktivite Masası,Oyuncak,Fisher-Price,1353.49,3,15,0.0,Kapıda Ödeme,İade,03-04-2026 05:20:13,06-04-2026 09:20:13,3451.4,4.1,Bronze,SEPET50,3.7,12
100623,35,Arifcan Türk,Erkek,37,İstanbul,Ataşehir,5046,Chicco Bebek Arabası,Anne & Bebek,Chicco,5056.95,1,30,0.0,Kredi Kartı,Tamamlandı,23-04-2025 17:59:36,28-04-2025 08:59:36,3539.86,3.7,Bronze,,4.2,317
100624,309,Sabır Ülker,Kadın,35,Mersin,Toroslar,5008,LC Waikiki Kadın Triko Kazak,Giyim,LC Waikiki,410.43,2,0,0.0,Kredi Kartı,Tamamlandı,29-11-2025 17:56:06,05-12-2025 10:56:06,820.86,4.5,Silver,,3.6,17
100625,43,Gülçe Ülker,Kadın,25,Antalya,Konyaaltı,5033,Tefal Airfryer,Mutfak,Tefal,3251.24,2,15,0.0,Havale/EFT,Tamamlandı,03-06-2024 07:24:04,10-06-2024 07:24:04,5527.11,,Gold,KARGOBEDAVA,3.1,59
100626,57,Kezban Erdoğan,,34,İstanbul,Maltepe,5023,Maybelline Maskara,Kozmetik,Maybelline,264.88,3,15,0.0,Kredi Kartı,Tamamlandı,17-12-2025 15:19:51,19-12-2025 21:19:51,675.44,5.0,Bronze,,4.4,0
100627,71,Eriş Zorlu,Kadın,36,İstanbul,Üsküdar,5024,Nivea Nemlendirici Krem,Kozmetik,Nivea,141.32,2,5,19.99,Havale/EFT,Tamamlandı,15-08-2024 17:21:38,23-08-2024 12:21:38,288.5,4.9,Gold,,4.4,27
100628,76,Uraltay Şafak,Erkek,36,,Çankaya,5015,Nike Air Max 270,AYAKKABI,Nike,3600.18,2,15,0.0,Kredi Kartı,Tamamlandı,22-10-2024 19:12:13,29-10-2024 04:12:13,6120.31,4.3,Gold,,2.9,1
100629,228,Naz Bilir,Kadın,28,Mersin,Yenişehir,5018,Skechers Yürüyüş Ayakkabısı,Ayakkabı,Skechers,1889.01,1,10,0.0,Havale/EFT,Tamamlandı,12-11-2024 00:23:44,16-11-2024 13:23:44,1700.11,3.6,Silver,,3.9,31
100630,284,Ermutlu Akçay,Erkek,18,Gaziantep,Şahinbey,5058,Torku Zeytinyağı 5L,Süpermarket,Torku,843.02,1,0,0.0,Dijital Cüzdan,Tamamlandı,03-09-2024 18:59:14,07-09-2024 22:59:14,843.02,3.5,Silver,,4.1,6
100631,317,Özdoğdu Zengin,Erkek,32,İstanbul,Ataşehir,5011,DeFacto Basic Tişört,Giyim,DeFacto,202.25,5,10,0.0,Kredi Kartı,Tamamlandı,02-10-2025 11:24:10,09-10-2025 07:24:10,910.12,3.8,Bronze,,3.6,21
100632,85,Sadittin İnönü,Erkek,31,İstanbul,Maltepe,5041,Can Yayınları Roman Seti,Kitap & Hobi,Can Yayınları,284.84,1,0,39.99,,İptal,29-06-2024 08:43:15,02-07-2024 13:43:15,324.83,3.6,Gold,,3.6,21
100633,109,Sırriye Alemdar,Kadın,,Antalya,Konyaaltı,5012,Zara Oversize Ceket,Giyim,Zara,1231.01,2,0,0.0,Kredi Kartı,İade,31-12-2025 01:38:01,05-01-2026 16:38:01,2462.02,4.0,Bronze,HOSGELDIN15,4.4,17
100634,159,Arıkol Dumanlı,Erkek,41,İstanbul,Maltepe,5048,Lego City Polis Seti,Oyuncak,Lego,969.44,1,0,0.0,Kapıda Ödeme,Tamamlandı,11-10-2024 03:32:43,14-10-2024 16:32:43,969.44,3.9,Silver,,4.9,33
100635,52,Mübetcel Karadeniz,Kadın,30,Bursa,Osmangazi,5001,Apple iPhone 13 128GB,Elektronik,Apple,39697.4,1,10,0.0,Kapıda Ödeme,Tamamlandı,03-11-2024 16:51:40,05-11-2024 12:51:40,35727.66,3.6,Silver,SEPET50,4.1,
100636,111,Yıldız Öcalan,Kadın,59,Mersin,Yenişehir,5049,Hot Wheels Araba Seti 10lu,Oyuncak,Hot Wheels,579.64,5,5,0.0,Dijital Cüzdan,Tamamlandı,18-11-2025 12:25:49,22-11-2025 16:25:49,2753.29,3.0,Bronze,HOSGELDIN15,3.4,
100637,221,Cuheyna Akça,Kadın,38,İstanbul,Ataşehir,5015,Nike Air Max 270,Ayakkabı,Nike,3771.47,2,0,0.0,,Tamamlandı,23-10-2025 03:32:47,30-10-2025 03:32:47,7542.94,4.1,Platinum,HOSGELDIN15,2.9,4
100638,45,Benek Tevetoğlu,Kadın,28,İzmir,Buca,5020,Greyder Klasik Erkek Ayakkabı,Ayakkabı,Greyder,1001.83,1,0,0.0,Havale/EFT,Tamamlandı,12-08-2024 06:31:26,18-08-2024 20:31:26,1001.83,4.4,Bronze,KARGOBEDAVA,4.1,13
100639,227,Şehza Bilir,Kadın,23,Adana,Seyhan,5060,Nestlé Nescafe Gold 200gr,Süpermarket,Nestlé,292.4,2,0,39.99,Kredi Kartı,İptal,28-04-2026 04:41:46,02-05-2026 15:41:46,624.79,,Gold,,3.6,22
100640,161,Zümre Sakarya,Kadın,35,Ankara,Mamak,5032,Karaca Tost Makinesi,Mutfak,Karaca,880.04,4,30,0.0,Kredi Kartı,İade,29-07-2024 08:54:48,05-08-2024 01:54:48,2464.11,4.5,Platinum,YAZ2026,4.2,170
100641,193,Üge Yüksel,Kadın,25,İstanbul,Ataşehir,5054,Fossil Kol Saati,Aksesuar,Fossil,3316.77,1,5,0.0,Kredi Kartı,Tamamlandı,20-03-2026 19:28:58,28-03-2026 09:28:58,3150.93,4.2,silver,INDIRIM10,4.7,11
100642,204,Sevginur Hayrioğlu,Kadın,22,Kayseri,Melikgazi,5025,Golden Rose Ruj,Kozmetik,Golden Rose,99.72,1,30,-49.99,Kredi Kartı,Tamamlandı,26-09-2024 10:08:07,30-09-2024 11:08:07,224.08,4.0,Silver,,4.8,128
100643,75,Fermuta Çetin,Kadın,39,Adana,Çukurova,5036,Korkmaz Tencere Seti,Mutfak,Korkmaz,2234.46,2,5,-23.708455740890848,Dijital Cüzdan,Tamamlandı,15-08-2025 17:14:10,17-08-2025 18:14:10,4245.47,4.3,Platinum,YAZ2026,4.0,20
100644,217,Menişan Mansız,Kadın,31,Ankara,Keçiören,5005,Lenovo IdeaPad 3 Dizüstü Bilgisayar,Elektronik,Lenovo,17921.3,5000,0,0.0,Kapıda Ödeme,Tamamlandı,04-08-2025 19:06:23,07-08-2025 16:06:23,17921.3,4.5,Bronze,,3.5,29
100645,28,Aynilhayat Gül,Kadın,45,İstanbul,Ataşehir,5021,L'Oréal Paris Revitalift Serum,Kozmetik,L'Oréal,542.67,1,200,49.99,Kredi Kartı,Tamamlandı,12-11-2024 15:54:10,07-11-2024 15:54:10,592.66,4.7,Bronze,,3.1,174
100646,288,Nazi Gül,Kadın,43,Mersin,Yenişehir,5004,Sony WH-1000XM4 Kulaklık,Elektronik,Sony,8589.99,2,0,0.0,Havale/EFT,İptal,21-06-2026 11:31:26,22-06-2026 15:31:26,17179.98,2.8,Silver,,4.8,84
100647,256,Fehmiye İhsanoğlu,Kadın,36,Samsun,İlkadım,5050,Barbie Rüya Evi,Oyuncak,Barbie,3760.97,1,5,0.0,Kredi Kartı,TAMAMLANDI,07-10-2024 23:05:38,12-10-2024 19:05:38,3572.92,4.1,Bronze,,3.9,67
100648,19,Fermuta Sezer,Kadın,36,İstanbul,Şişli,5026,Bioderma Sensibio Micellar Su,Kozmetik,Bioderma,383.57,3,10,0.0,Kredi Kartı,Tamamlandı,13-12-2024 21:00:07,15-12-2024 08:00:07,1035.64,2.9,Bronze,,4.6,168
100649,155,Zehranur Dumanlı,Kadın,40,Trabzon,Ortahisar,5044,Prima Bebek Bezi Jumbo Paket,Anne & Bebek,Prima,374.87,5,5,0.0,Kredi Kartı,İptal,11-08-2025 19:02:52,14-08-2025 22:02:52,1780.63,4.0,Silver,,3.7,131
100650,220,Çevregül Hançer,Kadın,0,Ankara,Etimesgut,5038,Nike Pro Antrenman Tayt,Spor & Outdoor,Nike,-648.8,1,0,49.99,Havale/EFT,Tamamlandı,10-09-2024 03:11:24,17-09-2024 06:11:24,698.79,4.1,Silver,yaz2026!!,4.0,18
100651,211,Hindal Akgündüz,Erkek,56,İstanbul,Kartal,5059,Pınar Süt 1L 12li Koli,Süpermarket,Pınar,288.13,2,5,19.99,Havale/EFT,İptal,31-06-2025 11:11:11,08-01-2025 01:06:53,567.44,5.0,Gold,INDIRIM10,4.7,127
100652,64,Beyda Eraslan,Erkek,23,ANKARA,,5026,Bioderma Sensibio Micellar Su,Kozmetik,Bioderma,408.96,2,15,0.0,Kredi Kartı,İade,16-01-2025 18:28:47,20-01-2025 02:28:47,1562.51,3.8,Silver,,4.6,172
100653,158,Müslum Yüksel,Erkek,48,Eskişehir,Tepebaşı,5043,Faber-Castell Boya Kalemi Seti,Kitap & Hobi,Faber-Castell,181.4,4,5,-19.99,Kredi Kartı,Tamamlandı,14-11-2025 21:50:36,18-11-2025 07:50:36,709.31,4.1,Gold,MAYIS25,3.7,209
100654,124,Baykan Yüksel,Erkek,28,Bursa,Nilüfer,5012,Zara Oversize Ceket,Giyim,Zara,1269.76,1,0,0.0,Dijital Cüzdan,Tamamlandı,14-03-2026 14:12:52,20-03-2026 19:12:52,1269.76,3.7,Silver,,4.4,21
100655,265,,Erkek,36,İstanbul,Şişli,5006,Huawei MatePad 11 Tablet,Elektronik,Huawei,11343.08,1,0,0.0,Havale/EFT,Tamamlandı,05-03-2026 09:28:28,13-03-2026 02:28:28,11343.08,3.6,Bronze,HOSGELDIN15,4.0,30
100656,48,Ercihan Aksu,Erkek,29,İstanbul,Ataşehir,5000,Samsung Galaxy A54 128GB,Elektronik,Samsung,20144.47,2,0,0.0,Havale/EFT,İade,20-08-2024 20:49:06,24-08-2024 20:49:06,40288.94,3.2,Bronze,,3.6,36
100657,233,İnançlı Aslan,Erkek,32,Adana,Çukurova,5011,DeFacto Basic Tişört,Giyim,DeFacto,143.97,4,0,29.99,Havale/EFT,İptal,23-06-2025 09:29:01,24-06-2025 17:29:01,605.87,4.0,Bronze,INDIRIM10,3.6,25
100658,12,Şazime Yıldırım,Kadın,34,Adana,Seyhan,5007,Casper Excalibur Oyuncu Bilgisayarı,Elektronik,Casper,30050.4,2,0,0.0,Kredi Kartı,İptal,04-09-2024 02:49:02,08-09-2024 13:49:02,60100.8,3.2,Bronze,,5.0,78
100659,201,Kaver Gülen,Kadın,18,i̇stanbul,,5026,Bioderma Sensibio Micellar Su,Kozmetik,BIODERMA,308.83,5,0,-37.97513950682529,Havale/Eft,Tamamlandı,18-04-2025 23:04:00,23-04-2025 04:04:00,1544.15,3.7,Silver,YAZ2026,4.6,170
100660,338,Pürçek Yüksel,Kadın,18,Antalya,Kepez,5054,Fossil Kol Saati,Aksesuar,Fossil,3250.32,5,30,0.0,Kredi Kartı,Tamamlandı,12-12-2025 00:10:57,14-12-2025 16:10:57,11376.12,3.6,Bronze,,4.7,11
100661,99,Boğatimur Duran,Erkek,24,Antalya,Kepez,5001,Apple iPhone 13 128GB,Elektronik,Apple,39143.96,3,0,0.0,Kredi Kartı,İptal,01-07-2024 11:55:31,03-07-2024 18:55:31,216095.69,4.2,Silver,SEPET50,4.1,56
100662,138,Sakip Yaman,Erkek,23,Ankara,Keçiören,5005,Lenovo IdeaPad 3 Dizüstü Bilgisayar,Elektronik,Lenovo,19265.6,2,0,0.0,Havale/EFT,Tamamlandı,07-11-2025 14:33:41,09-11-2025 22:33:41,38531.2,4.4,Platinum,SEPET50,3.5,31
100663,202,Emal Ülker,kadın,34,İstanbul,Kartal,5019,Bambi Hakiki Deri Bot,Ayakkabı,Bambi,1315.96,1,10,0.0,Kredi Kartı,Tamamlandı,01-02-2026 09:53:28,08-02-2026 19:53:28,1837.12,4.1,Gold,,4.4,72
100664,197,İlkbahar Durdu,Kadın,19,İzmir,Çiğli,5022,Flormar Likit Fondöten,Kozmetik,Flormar,187.4,2,0,29.99,Kapıda Ödeme,İade,15-02-2025 21:22:02,20-02-2025 06:22:02,404.79,5.0,Silver,,4.3,97
100665,272,Münif Ergül,Erkek,39,Ankara,Çankaya,5007,Casper Excalibur Oyuncu Bilgisayarı,Elektronik,Casper,26978.95,1,15,0.0,Kredi Kartı,Tamamlandı,04-04-2026 13:31:54,07-04-2026 17:31:54,22932.11,5.0,Silver,,5.0,76
100666,5,Zamir Sakarya,Erkek,28,Ankara,Çankaya,5045,Huggies Islak Mendil 12li,Anne & Bebek,Huggies,292.75,5000,15,29.99,havale/eft,Tamamlandı,07-02-2026 07:43:30,12-02-2026 13:43:30,278.83,4.4,Bronze,HOSGELDIN15,8,161
100565,344,Cansin Sezgin,Erkek,31,İstanbul,Ataşehir,5043,Faber-Castell Boya Kalemi Seti,Kitap & Hobi,Faber-Castell,248.31,1,0,29.99,Kredi Kartı,Tamamlandı,18-07-2024 09:59:28,22-07-2024 12:59:28,278.3,3.9,Bronze,INDIRIM10,3.7,212
100668,168,Noman Bilir,Erkek,44,Antalya,Muratpaşa,5036,Korkmaz Tencere Seti,Mutfak,Korkmaz,2223.4,1,15,0.0,Havale/Eft,Tamamlandı,16-09-2025 10:21:12,18-09-2025 22:21:12,1889.89,4.0,Bronze,MAYIS25,4.0,-18
100669,21,Laika Manço,Kadın,42,Ankara,Çankaya,5004,Sony WH-1000XM4 Kulaklık,Elektronik,Sony,8033.77,3,5,0.0,Kredi Kartı,Tamamlandı,21-05-2025 14:34:33,23-05-2025 07:34:33,22896.24,4.2,Silver,,4.8,89
100670,314,İvecen Yılmaz,Erkek,23,İstanbul,Bakırköy,5044,Prima Bebek Bezi Jumbo Paket,Anne & Bebek,Prima,447.6,1,10,19.99,Kapıda Ödeme,İade,14-09-2024 01:03:58,16-09-2024 02:03:58,422.83,4.0,Bronze,,6.2,126
100671,54,Alpin Bilgin,Erkek,200,Kocaeli,Gebze,5014,Boyner Klasik Gömlek,Giyim,Boyner,392.55,1,20,39.99,Kapıda Ödeme,Tamamlandı,06-06-2024 01:54:40,09-06-2024 02:54:40,354.03,4.2,Silver,HOSGELDIN15,4.4,0
100672,136,Eşref Ülker,Erkek,49,Ankara,,5050,Barbie Rüya Evi,Oyuncak,Barbie,3556.23,1,-10,0.0,Kredi Kartı,Tamamlandı,08-10-2024 11:37:35,15-10-2024 15:37:35,3556.23,3.2,Silver,,3.9,72
100673,327,İlalmış Akça,Erkek,31,İzmir,Konak,5033,Tefal Airfryer,Mutfak,Tefal,3185.87,1000,10,0.0,Dijital Cüzdan,Tamamlandı,19-06-2026 17:34:29,21-06-2026 19:34:29,5734.57,3.4,Bronze,HOSGELDIN15,3.1,58
100674,181,Zeyno Yorulmaz,Kadın,39,Bursa,Osmangazi,5042,İş Bankası Kültür Yayınları Klasik Set,Kitap & Hobi,İş Bankası Kültür Yayınları,461.78,3,10,0.0,Kredi Kartı,Tamamlandı,04-01-2025 00:28:40,10-01-2025 06:28:40,1246.81,5.0,Bronze,,4.1,4
100675,97,Demirok Manço,Erkek,36,İzmir,Karşıyaka,5013,Pull&Bear Kapüşonlu Sweatshirt,Giyim,Pull&Bear,744.2,10000,5,0.0,Kredi Kartı,İade,27-05-2026 16:31:49,02-06-2026 20:31:49,2120.97,3.4,Bronze,,4.7,11
100676,67,Kandef Korutürk,Kadın,22,İstanbul,Maltepe,5024,Nivea Nemlendirici Krem,Kozmetik,Nivea,158.25,3,5,49.99,Kredi Kartı,Tamamlandı,16-11-2024 11:10:58,24-11-2024 05:10:58,501.0,4.4,Gold,,4.4,29
100677,237,Kadınana Aksu,Kadın,18,Trabzon,,5015,Nike Air Max 270,Ayakkabı,nike,3521.56,1,0,0.0,Kredi Kartı,Tamamlandı,27-05-2025 09:40:09,29-05-2025 02:40:09,3521.56,4.9,Bronze,KARGOBEDAVA,2.9,0
100678,78,Nurşan Kısakürek,Kadın,37,Ankara,Mamak,5032,Karaca Tost Makinesi,Mutfak,Karaca,833.5,1,5,0.0,Kredi Kartı,Tamamlandı,32-01-2025 12:00:00,10-08-2025 13:03:39,791.83,3.7,Silver,,4.2,175
100679,142,Özdil Güçlü,Erkek,51,Bursa,Nilüfer,5033,,Mutfak,Tefal,3063.63,2,10,0.0,Dijital Cüzdan,Tamamlandı,25-07-2024 01:17:57,30-07-2024 09:17:57,5514.53,3.4,Gold,MAYIS25,3.1,58
100680,142,Özdil Güçlü,Erkek,51,İstanbul,Kartal,5044,Prima Bebek Bezi Jumbo Paket,Anne & Bebek,Prima,407.37,1,0,39.99,Kredi Kartı,Tamamlandı,26-12-2024 12:39:24,01-01-2025 21:39:24,447.36,3.4,Gold,,3.7,128
100681,376,Nakip Seven,ERKEK,23,İstanbul,Üsküdar,5032,Karaca Tost Makinesi,Mutfak,Karaca,1063.11,2,15,0.0,Kapıda Ödeme,Tamamlandı,22-11-2024 11:28:22,28-11-2024 13:28:22,1807.29,3.3,Silver,HOSGELDIN15,4.2,173
100682,73,Aysuna Bilge,Kadın,36,Kocaeli,Gebze,5027,IKEA MALM Çalışma Masası,Ev & Yaşam,IKEA,2834.05,1,0,0.0,Kredi Kartı,Tamamlandı,10-06-2024 21:37:37,14-06-2024 12:37:37,2834.05,5.5,Platinum,,4.3,39
100683,127,İncifir Durmuş,Kadın,57,İzmir,Konak,5052,Pierre Cardin Cüzdan,Aksesuar,Pierre Cardin,455.22,2,0,0.0,Kredi Kartı,Tamamlandı,29-10-2024 03:25:08,30-10-2024 12:25:08,910.44,4.7,Silver,,5.0,101
100684,232,Temuçin Şafak,Erkek,26,İzmir,Karşıyaka,5034,Arzum Çay Makinesi,Mutfak,arzum,1028.67,1,5,0.0,Kredi Kartı,Tamamlandı,29-05-2026 12:09:03,04-06-2026 09:09:03,977.24,4.2,Bronze,,3.2,60
100685,248,Nezize Akçay,K,50,İstanbul,Pendik,5046,Chicco Bebek Arabası,Anne & Bebek,Chicco,5779.6,1,5,0.0,Kredi Kartı,İade,01-06-2025 18:07:31,03-06-2025 01:07:31,5490.62,4.4,Platinum,,4.2,317
100686,185,Şide Fırat,Erkek,35,İstanbul,Beşiktaş,5012,Zara Oversize Ceket,Giyim,Zara,1452.39,1,0,0.0,Kredi Kartı,Tamamlandı,10-12-2025 16:21:26,15-12-2025 21:21:26,1452.39,3.6,Bronze, SEPET50 ,4.4,21
100687,170,Altoğan Aksu,Erkek,38,Ankara,Mamak,5060,Nestlé Nescafe Gold 200gr,Süpermarket,Nestlé,379.39,1,0,39.99,Kapıda Ödeme,Tamamlandı,09-09-2025 20:37:53,17-09-2025 07:37:53,419.38,3.8,Gold,YAZ2026,3.6,20
100688,351,Ruhsat Durmuş,Erkek,28,İstanbul,Üsküdar,5033,Tefal Airfryer,Mutfak,Tefal,3756.67,2,10,0.0,Kredi Kartı,Tamamlandı,29-03-2025 00:34:03,02-04-2025 01:34:03,6762.01,4.7,Silver,MAYIS25,3.1,58
100689,28,Aynilhayat Gül,Kadın,45,İzmir,Konak,5027,IKEA MALM Çalışma Masası,Ev & Yaşam,IKEA,2852.26,1000,0,0.0,Kredi Kartı,İptal,28-10-2025 20:24:58,30-10-2025 22:24:58,8556.78,4.7,Bronze,,4.3,34
100690,376,Nakip Seven,Erkek,23,İstanbul,Kartal,5058,Torku Zeytinyağı 5L,Süpermarket,Torku,720.18,1,5,39.99,Kredi Kartı,Tamamlandı,01-07-2025 15:23:06,05-07-2025 18:23:06,724.16,3.3,Silver,,4.1,4
100691,306,Koşukhan Sezer,Erkek,41,Ankara,Etimesgut,5027,IKEA MALM Çalışma Masası,Ev & Yaşam,IKEA,3178.92,1,10,0.0,Havale/EFT,Tamamlandı,17-10-2024 15:09:26,22-10-2024 21:09:26,2861.03,4.1,Silver,YAZ2026,4.3,36
100692,291,Barışcan Kısakürek,Erkek,37,Denizli,Merkezefendi,5034,Arzum Çay Makinesi,Mutfak,Arzum,991.69,3,15,0.0,Kredi Kartı,Tamamlandı,12-05-2026 11:24:19,18-05-2026 08:24:19,2528.81,3.9,Gold,,3.2,58
100693,182,Minibe Yorulmaz,Kadın,200,İzmir,Buca,5026,Bioderma Sensibio Micellar Su,Kozmetik,Bioderma,,4,0,0.0,Kapıda Ödeme,Tamamlandı,22-10-2024 22:23:56,26-10-2024 05:23:56,1421.4,4.3,Bronze,,4.6,173
100694,66,Övün Duran,Kadın,18,Adana,Çukurova,5003,"LG 55"" 4K Smart TV",Elektronik,LG,18399.01,1,5,0.0,Kredi Kartı,İptal,13-11-2025 16:45:22,14-11-2025 18:45:22,17479.06,4.1,Bronze,SEPET50,3.9,244
100695,171,Kasim Yılmaz,Erkek,24,Antalya,Konyaaltı,5036,Korkmaz Tencere Seti,Mutfak,Korkmaz,2729.61,1,0,0.0,Havale/EFT,Tamamlandı,05-06-2026 01:55:49,11-06-2026 07:55:49,2729.61,4.2,Bronze,,4.0,-10
100696,380,Öktürk Zengin,Erkek,24,Kocaeli,İzmit,5014,Boyner Klasik Gömlek,Giyim,Boyner,573.76,2,0,0.0,Havale/EFT,Tamamlandı,07-06-2024 17:39:24,13-06-2024 15:39:24,1147.52,4.5,Silver,YAZ2026,4.4,0
100697,79,,Kadın,-5,Antalya,Muratpaşa,5033,Tefal Airfryer,Mutfak,Tefal,2625.92,1,5,0.0,Kapıda Ödeme,Tamamlandı,27-07-2024 04:26:06,30-07-2024 16:26:06,2494.62,4.4,Bronze,,3.1,59
100698,121,Görklü Gülen,erkek,25,Samsun,Atakum,5052,Pierre Cardin Cüzdan,Aksesuar,Pierre Cardin,633.83,1,10,-19.99,Kredi Kartı,Tamamlandı,07-12-2024 05:09:31,15-12-2024 04:09:31,590.44,4.0,Silver,,5.0,98
100699,262,,Erkek,26,Gaziantep,Şehitkamil,5030,Bellona Yatak Örtüsü Seti,,Bellona,892.19,1,0,0.0,Havale/EFT,Tamamlandı,09-03-2025 14:14:33,14-03-2025 12:14:33,892.19,4.4,Gold,,4.3,285
100700,214,Fenni Aksu,Erkek,23,Eskişehir,Odunpazarı,5001,Apple iPhone 13 128GB,Elektronik,Apple,37267.38,1,5,-24.215752762301307,Havale/EFT,Tamamlandı,29-03-2026 23:55:39,04-04-2026 13:55:39,35404.01,4.5,Gold,HOSGELDIN15,4.1,56
100701,240,Övün Yılmaz,Kadın,67,Trabzon,Akçaabat,5017,Puma Smash V2,Ayakkabı,Puma,1506.38,1,5,0.0,kapıda ödeme,Tamamlandı,25-05-2026 19:07:00,30-05-2026 11:07:00,1431.06,4.8,Silver,SEPET50,3.8,30
100702,181,Zeyno Yorulmaz,Kadın,39,Adana,Çukurova,5029,Madame Coco Halı,Ev & Yaşam,Madame Coco,1915.18,3,0,0.0,Kapıda Ödeme,Tamamlandı,09-07-2025 02:29:00,16-07-2025 22:29:00,5745.54,5.0,Bronze,,2.8,12
100703,311,Gökperi Mansız,Kadın,25,Adana,Çukurova,5008,LC Waikiki Kadın Triko Kazak,Giyim,LC Waikiki,389.55,2,10,-35.38400886928101,Havale/EFT,İptal,09-08-2024 01:38:08,11-08-2024 00:38:08,701.19,4.4,Bronze,YAZ2026,3.6,21
100704,55,Atanur Sezgin,Kadın,36,İzmir,Buca,5020,Greyder Klasik Erkek Ayakkabı,Ayakkabı,Greyder,1355.95,5,15,0.0,Havale/EFT,Tamamlandı,26-11-2024 13:59:02,23-11-2024 13:59:02,5762.79,4.1,Gold,,4.1,9
100705,314,İvecen Yılmaz,Erkek,23,İstanbul,Kadıköy,5054,Fossil Kol Saati,Aksesuar,Fossil,,1,5,0.0,Havale/EFT,Tamamlandı,26-11-2024 11:41:34,28-11-2024 09:41:34,4179.9,4.0,Bronze,,4.7,12
100706,327,İlalmış Akça,Erkek,31,Antalya,Muratpaşa,5012,Zara Oversize Ceket,Giyim,Zara,1051.5,1,0,0.0,Kredi Kartı,Tamamlandı,24-11-2025 07:00:04,26-11-2025 01:00:04,1051.5,3.4,Bronze,SEPET50,4.4,17
100707,105,Mesude Yüksel,Kadın,39,i̇stanbul,Üsküdar,5057,Eti Crax Kraker 24lü Kutu,Süpermarket,Eti,150.37,3,10,19.99,Kredi Kartı,Tamamlandı,16-06-2026 23:22:58,22-06-2026 14:22:58,425.99,5.0,Silver,INDIRIM10,4.6,56
100708,243,Aybet Karadeniz,Kadın,-1,Bursa,Nilüfer,5039,Adidas Spor Çanta,Spor & Outdoor,Adidas,1059.9,3,15,0.0,Kredi Kartı,Tamamlandı,12-08-2024 20:43:19,14-08-2024 00:43:19,2702.75,3.2,Silver,,4.0,11
100709,52,Mübetcel Karadeniz,Kadın,30,İSTANBUL,Şişli,5003,"LG 55"" 4K Smart TV",Elektronik,LG,17706.7,1,0,0.0,Dijital Cüzdan,İade,13-02-2025 14:12:53,20-02-2025 01:12:53,17706.7,3.6,Silver,INDIRIM10,3.9,247
100710,39,Cevale Kısakürek,Kadın,34,Bursa,Osmangazi,5054,Fossil Kol Saati,,Fossil,4028.42,2,0,,HAVALE/EFT,Tamamlandı,22-09-2024 21:13:05,27-09-2024 05:13:05,8056.84,3.9,Bronze,,4.7,10
100711,174,Muvaffak Arslan,Erkek,18,İzmir,Bornova,5021,L'Oréal Paris Revitalift Serum,Kozmetik,L'Oréal,527.61,1,0,39.99,Dijital Cüzdan,Tamamlandı,03-08-2024 08:34:42,07-08-2024 10:34:42,567.6,3.3,Bronze,,3.1,183
100712,313,Kâmil Durmuş,Erkek,51,Konya,Selçuklu,5022,Flormar Likit Fondöten,Kozmetik,Flormar,248.11,4,10,0.0,Havale/EFT,Tamamlandı,17-12-2025 17:25:53,20-12-2025 01:25:53,893.2,3.8,Bronze,,4.3,88
100713,19,Fermuta Sezer,Kadın,36,İzmir,Bornova,5041,Can Yayınları Roman Seti,Kitap & Hobi,Can Yayınları,270.05,1,15,29.99,Kredi Kartı,Tamamlandı,18-12-2024 19:26:56,24-12-2024 07:26:56,259.53,2.9,Bronze,,3.6,20
100714,283,Arıpınar Demir,kadın,47,İzmir,Buca,5049,Hot Wheels Araba Seti 10lu,Oyuncak,Hot Wheels,494.31,1,10,29.99,Kredi Kartı,Tamamlandı,21-02-2026 13:23:16,24-02-2026 19:23:16,474.87,3.9,Gold,YAZ2026,3.4,83
100715,119,Yurttaş Sezer,Erkek,18,İstanbul,Kadıköy,5014,Boyner Klasik Gömlek,Giyim,Boyner,453.27,3,15,0.0,Kredi Kartı,Tamamlandı,16-06-2024 09:05:57,23-06-2024 10:05:57,1155.84,4.2,Silver,INDIRIM10,4.4,4
100716,93,gözem zorlu,Kadın,31,Ankara,Yenimahalle,5022,Flormar Likit Fondöten,KOZMETIK,Flormar,210.24,4,30,0.0,Kredi Kartı,Tamamlandı,05-04-2026 04:27:20,11-04-2026 06:27:20,,4.5,Silver,MAYIS25,4.3,90
100717,254,Özalpsan Durmuş,Erkek,27,Konya,Meram,5057,Eti Crax Kraker 24lü Kutu,Süpermarket,Eti,214.06,1,10,39.99,Kapıda Ödeme,Tamamlandı,01-04-2026 08:53:28,06-04-2026 16:53:28,232.64,3.6,Silver,MAYIS25,4.6,55
100718,54,Alpin Bilgin,Erkek,54,İstanbul,Ataşehir,5045,Huggies Islak Mendil 12li,Anne & Bebek,Huggies,,1,0,29.99,Kapıda Ödeme,Tamamlandı,09-04-2025 20:07:58,11-04-2025 23:07:58,,4.2,Silver,indirim10!!,3.8,152
100719,121,Görklü Gülen,E,25,Konya,Meram,5060,Nestlé Nescafe Gold 200gr,Süpermarket,Nestlé,291.42,1,0,39.99,Havale/EFT,Tamamlandı,26-08-2024 02:10:27,29-08-2024 21:10:27,331.41,4.0,Silver,YAZ2026,3.6,19
100720,197,İlkbahar Durdu,Kadın,19,İzmir,Bornova,5013,Pull&Bear Kapüşonlu Sweatshirt,Giyim,Pull&Bear,613.8,2,5,0.0,Havale/EFT,Tamamlandı,23-05-2025 00:56:46,28-05-2025 10:56:46,1166.22,5.0,Silver,,4.7,14
100721,303,Ginyas Zorlu,Erkek,38,İstanbul,Kadıköy,5021,L'Oréal Paris Revitalift Serum,Kozmetik,L'Oréal,495.16,2,20,0.0,Kapıda Ödeme,İade,29-07-2024 03:58:34,03-08-2024 15:58:34,792.26,5.0,Silver,,3.1,184
100722,148,Nas Bilge,Erkek,37,Samsun,Atakum,5027,IKEA MALM Çalışma Masası,Ev & Yaşam,IKEA,3072.6,2,5,0.0,Kredi Kartı,Tamamlandı,30-01-2025 04:48:04,31-01-2025 12:48:04,5837.94,3.7,Bronze,,4.3,36
100723,44,Kerime Sezer,Kadın,44,Kocaeli,Gebze,5021,L'Oréal Paris Revitalift Serum,Kozmetik,L'Oréal,464.22,1,0,39.99,Havale/EFT,Tamamlandı,13-02-2026 00:26:57,14-02-2026 09:26:57,504.21,4.3,,,3.1,179
100724,136,Eşref Ülker,Erkek,49,Samsun,Atakum,5029,Madame Coco Halı,Ev & Yaşam,,1217.27,1,0,0.0,Kredi Kartı,Tamamlandı,22-12-2025 07:55:53,26-12-2025 08:55:53,1217.27,3.2,Silver,,2.8,6
100725,142,Özdil Güçlü,Erkek,51,Trabzon,Akçaabat,5004,Sony WH-1000XM4 Kulaklık,Elektronik,Sony,7968.97,1,15,0.0,Kredi Kartı,Tamamlandı,19-01-2025 22:56:59,22-01-2025 02:56:59,6773.62,3.4,Gold,,4.8,92
100726,26,Nazende Tevetoğlu,Kadın,37,İstanbul,Kadıköy,5011,DeFacto Basic Tişört,Giyim,DeFacto,188.44,3,10,19.99,Havale/EFT,Tamamlandı,02-06-2026 09:25:54,05-06-2026 09:25:54,528.78,3.9,Silver,,3.6,20
100727,277,Mükrüme Aslan,Kadın,46,Gaziantep,Şehitkamil,5022,Flormar Likit Fondöten,Kozmetik,Flormar,160.92,,0,19.99,Kredi Kartı,Tamamlandı,16-06-2025 15:08:41,18-06-2025 11:08:41,341.83,,Gold,,4.3,500000
100728,74,Balatekin Manço,Erkek,20,İstanbul,Kartal,5050,Barbie Rüya Evi,Oyuncak,Barbie,2968.37,5,20,0.0,Kredi Kartı,İade,29-03-2025 22:38:35,31-03-2025 03:38:35,11873.48,3.3,Bronze,HOSGELDIN15,3.9,68
100729,303,Ginyas Zorlu,Erkek,38,İstanbul,Kartal,5013,Pull&Bear Kapüşonlu Sweatshirt,Giyim,Pull&Bear,742.41,2,15,,Kredi Kartı,Tamamlandı,19-05-2025 07:49:23,24-05-2025 01:49:23,1262.1,5.0,Silver,SEPET50,4.7,12
100730,196,ATALAY SEVEN,Erkek,24,Kayseri,Melikgazi,5004,Sony WH-1000XM4 Kulaklık,Elektronik,Sony,9108.98,5,10,0.0,Dijital Cüzdan,Tamamlandı,03-08-2025 19:37:23,09-08-2025 22:37:23,40990.41,,Silver,,4.8,90
100731,27,Kardelen Sezgin,Kadın,26,Antalya,Kepez,5033,Tefal Airfryer,Mutfak,Tefal,3176.44,1,0,0.0,Havale/EFT,İptal,,06-05-2025 15:51:00,3176.44,4.5,Bronze,,3.1,58
100732,355,Tuğçe Şafak,Kadın,18,İstanbul,Ataşehir,5023,Maybelline Maskara,Kozmetik,Maybelline,187.97,2,0,39.99,Havale/EFT,Tamamlandı,03-09-2025 15:14:59,06-09-2025 09:14:59,415.93,5.0,Silver,,4.4,2
100733,276,Danış Gülen,Erkek,34,İstanbul,Ataşehir,5043,Faber-Castell Boya Kalemi Seti,Kitap & Hobi,Faber-Castell,226.02,1,0,39.99,Kredi Kartı,Tamamlandı,24-07-2025 15:19:44,29-07-2025 19:19:44,-266.01,4.0,Bronze,,3.7,213
100734,102,Güngördü Soylu,,45,Trabzon,Akçaabat,5000,Samsung Galaxy A54 128GB,Elektronik,,17833.85,1,15,0.0,Havale/EFT,Tamamlandı,12-09-2024 04:36:07,19-09-2024 05:36:07,15158.77,4.7,Bronze,,3.6,34
100735,354,Ğanim Gül,Erkek,19,İstanbul,Beşiktaş,5008,LC Waikiki Kadın Triko Kazak,Giyim,LC Waikiki,352.98,2,5,49.99,Kredi Kartı,Tamamlandı,23-12-2025 08:47:25,29-12-2025 17:47:25,720.65,5.0,Bronze,hosgeldin15!!,3.6,20
100736,312,Özyurt Hançer,Kadın,54,Antalya,Kepez,5002,Xiaomi Redmi Note 12,Elektronik,Xiaomi,8258.13,4,25,0.0,Dijital Cüzdan,Tamamlandı,21-08-2025 10:31:57,29-08-2025 01:31:57,24774.39,4.9,Bronze,,5.0,121
100737,371,Hanim Kısakürek,Kadın,18,Kayseri,Melikgazi,5009,Koton Erkek Slim Fit Kot Pantolon,Giyim,Koton,668.68,2,5,0.0,Havale/EFT,Tamamlandı,24-08-2025 06:26:03,30-08-2025 05:26:03,1270.49,3.3,Bronze,,5.0,3
100738,119,Yurttaş Sezer,Erkek,18,Ankara,Yenimahalle,5003,"LG 55"" 4K Smart TV",Elektronik,LG,17538.59,4,10,0.0,Kapıda Ödeme,Tamamlandı,27-04-2025 13:59:00,30-04-2025 18:59:00,63138.92,4.2,Silver,,3.9,243
100739,377,Balca Bilir,Kadın,23,Trabzon,Ortahisar,5027,IKEA MALM Çalışma Masası,Ev & Yaşam,IKEA,3019.13,2,10,0.0,Kredi Kartı,Tamamlandı,30-09-2024 10:28:48,04-10-2024 01:28:48,5434.43,4.7,Bronze,,4.3,34
100740,148,Nas Bilge,Erkek,37,Kocaeli,GEBZE,5038,Nike Pro Antrenman Tayt,Spor & Outdoor,Nike,826.04,4,10,0.0,Kredi Kartı,Tamamlandı,03-11-2025 06:08:51,05-11-2025 01:08:51,-2973.74,3.7,Bronze,,4.0,17
100741,276,Danış Gülen,Erkek,34,Mersin,Yenişehir,5031,Tarz Mobilya Sehpa,Ev & Yaşam,Tarz,2249.25,1,0,0.0,Dijital Cüzdan,Tamamlandı,20-06-2026 16:11:44,25-06-2026 20:11:44,2249.25,4.0,Bronze,,4.1,14
100742,57,Kezban Erdoğan,Kadın,34,Gaziantep,Şehitkamil,5028,English Home Nevresim Takımı,Ev & Yaşam,English Home,911.11,1,0,0.0,Kredi Kartı,Tamamlandı,16-04-2026 04:14:24,19-04-2026 06:14:24,911.11,5.0,Bronze,,4.0,55
100743,373,Günar Erdoğan,Kadın,39,İstanbul,Üsküdar,5032,Karaca Tost Makinesi,Mutfak,Karaca,834.13,1,15,0.0,Havale/EFT,Tamamlandı,06-05-2026 11:27:42,08-05-2026 00:27:42,709.01,3.7,Silver,SEPET50,4.2,174
100744,163,Salami Karadeniz,Erkek,22,İstanbul,Pendik,5042,İş Bankası Kültür Yayınları Klasik Set,Kitap & Hobi,İş Bankası Kültür Yayınları,509.41,2,25,0.0,Havale/EFT,Tamamlandı,22-01-2026 13:41:50,29-01-2026 20:41:50,764.12,3.4,Gold,,4.1,2
100745,241,Dilfeza Erdoğan,Kadın,32,İstanbul,Üsküdar,5046,Chicco Bebek Arabası,Anne & Bebek,Chicco,5493.45,1,10,0.0,Kredi Kartı,Tamamlandı,11-06-2026 07:47:54,12-06-2026 20:47:54,4944.1,3.5,Bronze,MAYIS25,4.2,320
100746,107,Semender Akça,Erkek,44,Konya,Selçuklu,5026,Bioderma Sensibio Micellar Su,Kozmetik,Bioderma,382.56,2,10,0.0,Kredi Kartı,Tamamlandı,26-11-2025 23:55:06,29-11-2025 08:55:06,688.61,4.5,Bronze,,4.6,172
100747,343,mazlum bilgin,Erkek,20,İzmir,Buca,5038,Nike Pro Antrenman Tayt,Spor & Outdoor,Nike,707.14,1,0,19.99,Dijital Cüzdan,İptal,22-03-2025 15:16:37,27-03-2025 01:16:37,727.13,4.5,Bronze,KARGOBEDAVA,4.0,10
100748,91,Yelesen Eraslan,Erkek,40,İzmir,Karşıyaka,5042,İş Bankası Kültür Yayınları Klasik Set,Kitap & Hobi,İş Bankası Kültür Yayınları,328.38,2,10,49.99,Kapıda Ödeme,İptal,06-02-2026 15:00:02,08-02-2026 15:00:02,641.07,3.6,Bronze,MAYIS25,4.1,1
100749,210,Ertan Yaman,,46,İstanbul,Maltepe,5016,Adidas Ultraboost 22,Ayakkabı,Adidas,5012.48,1,15,0.0,Kredi Kartı,Tamamlandı,26-07-2024 09:46:08,31-07-2024 08:46:08,4260.61,4.1,Silver,SEPET50,3.5,258
100750,158,Müslum Yüksel,Erkek,48,İzmir,Bornova,5036,Korkmaz Tencere Seti,Mutfak,Korkmaz,3163.18,2,15,0.0,Kredi Kartı,İade,16-02-2026 12:00:12,19-02-2026 07:00:12,5377.41,4.1,Gold,,4.0,
100751,195,Aygönenç Mansız,Kadın,44,İstanbul,Maltepe,5058,Torku Zeytinyağı 5L,Süpermarket,Torku,788.18,,0,0.0,Kredi Kartı,Tamamlandı,01-12-2025 07:13:29,04-12-2025 00:13:29,2364.54,,Silver,SEPET50,4.1,3
100752,149,Yurtgüven Yorulmaz,Erkek,43,Mersin,Toroslar,5021,L'Oréal Paris Revitalift Serum,Kozmetik,L'Oréal,432.68,2,0,0.0,Kredi Kartı,İptal,22-11-2025 03:43:57,27-11-2025 15:43:57,865.36,4.3,Silver,,3.1,174
100753,81,Saydam Bilge,Erkek,23,Ankara,Çankaya,5014,Boyner Klasik Gömlek,Giyim,Boyner,507.89,2,0,0.0,Havale/EFT,İptal,22-06-2025 23:51:28,27-06-2025 03:51:28,1015.78,4.6,Silver,,4.4,1
100754,44,Kerime Sezer,Kadın,44,İstanbul,Pendik,5046,Chicco Bebek Arabası,Anne & Bebek,Chicco,5906.98,2,0,0.0,Havale/EFT,Tamamlandı,03-11-2024 03:28:44,09-11-2024 21:28:44,11813.96,4.3,Gold,,4.2,314
100755,311,Gökperi Mansız,Kadın,25,Samsun,Atakum,5027,IKEA MALM Çalışma Masası,Ev & Yaşam,IKEA,3012.36,1,0,0.0,Kredi Kartı,Tamamlandı,03-04-2026 20:58:43,08-04-2026 08:58:43,3012.36,4.4,Bronze,YAZ2026,4.3,35
100756,209,Dorukhan Zorlu,Erkek,51,Antalya,Konyaaltı,5018,Skechers Yürüyüş Ayakkabısı,Ayakkabı,Skechers,2526.13,2,0,0.0,Kredi Kartı,Tamamlandı,09-07-2025 13:34:15,17-07-2025 06:34:15,5052.26,4.2,VIP,,3.9,31
100757,115,Kaver Fırat,,26,Antalya,Muratpaşa,5025,Golden Rose Ruj,Kozmetik,Golden Rose,126.27,1,5,19.99,Havale/EFT,Tamamlandı,08-03-2026 03:02:42,09-03-2026 20:02:42,139.95,4.5,Silver,KARGOBEDAVA,4.8,130
100758,128,Efser Zengin,Erkek,,İstanbul,Ataşehir,5039,ADIDAS SPOR ÇANTA,Spor & Outdoor,Adidas,1035.23,2,15,0.0,,Tamamlandı,2025-10-19,23-10-2025 18:10:33,1759.89,3.8,Bronze,,4.0,9
100759,19,Fermuta Sezer,Kadın,36,,Etimesgut,5038,Nike Pro Antrenman Tayt,Spor & Outdoor,Nike,721.96,1,10,49.99,Kredi Kartı,Tamamlandı,30-03-2026 08:34:58,02-04-2026 22:34:58,699.75,2.9,Bronze,,4.0,17
100760,285,İhsan Eraslan,Kadın,18,Samsun,İlkadım,5058,Torku Zeytinyağı 5L,Süpermarket,Torku,726.26,2,5,0.0,Kapıda Ödeme,Tamamlandı,03-10-2024 06:03:03,05-10-2024 20:03:03,1379.89,3.9,Silver,,4.1,1
100761,20,Sadiye Şama,Kadın,19,Trabzon,Akçaabat,5010,Mavi Jeans Skinny Kot Pantolon,Giyim,Mavi,819.16,2,0,0.0,Kapıda Ödeme,Tamamlandı,10-06-2024 10:48:15,11-06-2024 23:48:15,1638.32,4.2,Gold,,4.5,31
100762,139,Yigit İhsanoğlu,Erkek,36,Bursa,Yıldırım,5056,Ülker Albeni 12li Paket,Süpermarket,Ülker,71.15,2,0,29.99,,İade,16-06-2025 18:54:36,22-06-2025 02:54:36,172.29,3.7,Bronze,,4.2,51
100763,170,Altoğan Aksu,Erkek,38,Denizli,Pamukkale,5010,Mavi Jeans Skinny Kot Pantolon,Giyim,Mavi,783.53,3,0,0.0,Kredi Kartı,Tamamlandı,08-08-2024 00:12:14,11-08-2024 22:12:14,2350.59,3.8,Gold,SEPET50,4.5,22
100764,276,Danış Gülen,Erkek,34,İzmir,Konak,5003,"LG 55"" 4K Smart TV",Elektronik,LG,17812.38,2,0,0.0,Havale/EFT,İptal,20-05-2025 22:53:40,,35624.76,4.0,Bronze,KARGOBEDAVA,3.9,252
100765,374,Ruhide Seven,Kadın,36,Ankara,Etimesgut,5049,Hot Wheels Araba Seti 10lu,Oyuncak,,500.82,1,5,29.99,Kredi Kartı,Tamamlandı,19-06-2026 07:52:49,22-06-2026 12:52:49,505.77,3.6,Bronze,YAZ2026,3.4,82
100766,268,Deryanur Kısakürek,Kadın,26,Antalya,Konyaaltı,5021,L'Oréal Paris Revitalift Serum,Kozmetik,L'Oréal,465.13,3,10,0.0,Dijital Cüzdan,,21-02-2026 17:14:10,23-02-2026 22:14:10,1255.85,4.1,gold,INDIRIM10,3.1,177
100767,47,Saba Gül,Erkek,26,Denizli,Pamukkale,5009,Koton Erkek Slim Fit Kot Pantolon,Giyim,Koton,449.45,4,0,0.0,Kapıda Ödeme,Tamamlandı,06-11-2025 16:00:30,11-11-2025 13:00:30,1797.8,3.9,Gold,,5.0,6
100768,257,Havali Bilge,Kadın,31,,Melikgazi,5035,Fakir Robot Süpürge,Mutfak,Fakir,4168.52,3,10,0.0,Kredi Kartı,İptal,21-04-2025 19:19:18,,11255.0,3.6,Bronze,,4.7,40
100769,325,Varlık Ülker,Kadın,31,Eskişehir,,5053,Guess Kadın Çanta,Aksesuar,Guess,3068.42,1,10,0.0,Kredi Kartı,Tamamlandı,31-06-2025 11:11:11,24-08-2025 04:44:31,2761.58,4.5,Silver,HOSGELDIN15,4.1,17
100770,344,Cansin Sezgin,Erkek,31,Ankara,Mamak,5013,Pull&Bear Kapüşonlu Sweatshirt,Giyim,Pull&Bear,685.09,4,20,0.0,Kredi Kartı,Tamamlandı,11-06-2024 07:07:48,15-06-2024 18:07:48,2192.29,3.9,Bronze,,4.7,10
100771,301,Gücal Ülker,Erkek,42,Ankara,Çankaya,5058,Torku Zeytinyağı 5L,Süpermarket,Torku,792.22,1,20,0.0,Havale/EFT,Tamamlandı,09-03-2025 23:21:45,01-03-2025 23:21:45,633.78,3.5,Bronze,SEPET50,4.1,4
100772,141,Necmettin Yüksel,Erkek,35,Adana,Seyhan,5055,Casio Dijital Kol Saati,Aksesuar,Casio,1330.82,1,10,0.0,Kredi Kartı,Tamamlandı,26-03-2026 19:51:51,02-04-2026 22:51:51,1197.74,4.5,Bronze,YAZ2026,3.0,50
100773,366,Macide Yüksel,Kadın,36,İstanbul,Üsküdar,5055,Casio Dijital Kol Saati,Aksesuar,Casio,1410.57,1,15,0.0,Kredi Kartı,Tamamlandı,29-05-2026 02:16:09,01-06-2026 05:16:09,1198.98,3.5,Platinum,,3.0,45
100774,100,Yurtseven Çamurcuoğlu,Kadın,34,Adana,Seyhan,5021,L'Oréal Paris Revitalift Serum,Kozmetik,L'Oréal,-517.45,3,0,0.0,Havale/EFT,İptal,31-02-2025 10:00:00,27-01-2026 13:20:05,1552.35,3.4,Silver,,3.1,180
100775,214,Fenni Aksu,Erkek,23,Eskişehir,Odunpazarı,5004,Sony WH-1000XM4 Kulaklık,Elektronik,Sony,7424.47,3,0,0.0,kredi kartı,Tamamlandı,16-07-2024 10:01:53,21-07-2024 16:01:53,22273.41,4.5,Gold,,4.8,88
100776,89,Ferhan Ertaş,Kadın,34,Adana,Seyhan,5019,Bambi Hakiki Deri Bot,Ayakkabı,Bambi,1391.63,1,0,0.0,Havale/EFT,Tamamlandı,01-01-2026 16:51:27,02-01-2026 19:51:27,1391.63,5.0,Bronze,,4.4,65
100777,374,Ruhide Seven,Kadın,36,İstanbul,Maltepe,5037,Decathlon Kamp Çadırı,Spor & Outdoor,Decathlon,1701.3,1,0,0.0,Kredi Kartı,Tamamlandı,15-09-2025 02:57:32,21-09-2025 09:57:32,1701.3,3.6,Bronze,SEPET50,4.5,16
100778,98,Karaer İnönü,Erkek,35,Gaziantep,Şehitkamil,5019,Bambi Hakiki Deri Bot,Ayakkabı,Bambi,1237.33,10000,0,0.0,Kredi Kartı,Tamamlandı,18-01-2025 06:51:13,21-01-2025 12:51:13,2474.66,4.3,Silver,HOSGELDIN15,4.4,67
100779,358,Subutiye Dumanlı,Kadın,33,İzmir,Konak,5031,Tarz Mobilya Sehpa,,Tarz,1819.64,1,15,0.0,Kredi Kartı,İptal,05-05-2026 06:12:24,07-05-2026 00:12:24,1546.69,4.8,Platinum,MAYIS25,4.1,19
100780,108,Beste Çorlu,Kadın,30,Kocaeli,Gebze,5022,Flormar Likit Fondöten,Kozmetik,Flormar,214.6,2,0,39.99,Havale/EFT,Tamamlandı,03-03-2025 03:18:15,08-03-2025 09:18:15,469.19,4.6,Bronze,KARGOBEDAVA,4.3,91
100781,17,Ünsever Bilge,Erkek,33,Denizli,Pamukkale,5030,Bellona Yatak Örtüsü Seti,Ev & Yaşam,Bellona,755.93,2,5,0.0,Kredi Kartı,Tamamlandı,05-07-2024 11:44:13,11-07-2024 14:44:13,1436.27,3.5,Gold,,4.3,278
100782,82,Abdülsamed Tarhan,Erkek,46,İzmir,Karşıyaka,5021,L'Oréal Paris Revitalift Serum,Kozmetik,L'Oréal,479.58,1,20,39.99,Kredi Kartı,Tamamlandı,23-06-2024 15:59:01,01-07-2024 10:59:01,423.65,3.6,Silver,,3.1,183
100783,356,Zülbiye Dumanlı,Kadın,36,İzmir,Buca,5030,,Ev & Yaşam,Bellona,1033.64,1,5,0.0,Kredi Kartı,Tamamlandı,04-04-2025 01:27:39,06-04-2025 17:27:39,1851.86,4.0,Silver,KARGOBEDAVA,4.3,282
100784,296,Zemzem Tarhan,Kadın,34,İzmir,Konak,5010,Mavi Jeans Skinny Kot Pantolon,Giyim,Mavi,779.27,4,20,0.0,Dijital Cüzdan,İade,21-12-2024 20:40:47,24-12-2024 00:40:47,6236.72,3.8,Gold,,4.5,21
100785,47,Saba Gül,Erkek,26,Ankara,Keçiören,5051,Fisher-Price Aktivite Masası,Oyuncak,Fisher-Price,1073.05,1,5,0.0,Havale/EFT,Tamamlandı,24-11-2024 10:58:09,27-11-2024 12:58:09,1019.4,3.9,Gold,INDIRIM10,3.7,11
100786,47,Saba Gül,Erkek,26,Gaziantep,Şehitkamil,5043,Faber-Castell Boya Kalemi Seti,Kitap & Hobi,Faber-Castell,222.2,3,0,29.99,KREDI KARTI,Tamamlandı,05-05-2026 14:20:48,11-05-2026 20:20:48,696.59,3.9,Gold,,3.7,213
100787,193,Üge Yüksel,K,25,Eskişehir,Odunpazarı,5048,Lego City Polis Seti,Oyuncak,Lego,1350.17,1,0,0.0,Dijital Cüzdan,Tamamlandı,01-05-2025 10:18:38,09-05-2025 07:18:38,1350.17,4.2,Silver,,4.9,31
100788,306,Koşukhan Sezer,Erkek,41,Ankara,Çankaya,5022,Flormar Likit Fondöten,Kozmetik,Flormar,198.83,2,10,29.99,Kapıda Ödeme,Tamamlandı,27-01-2025 13:26:22,30-01-2025 23:26:22,387.88,4.1,Silver,,4.3,87
100789,313,Kâmil Durmuş,Erkek,51,Antalya,Konyaaltı,5058,Torku Zeytinyağı 5L,Süpermarket,Torku,719.32,1,5,19.99,Kredi Kartı,Tamamlandı,14-05-2025 13:59:00,20-05-2025 18:59:00,703.34,3.8,Bronze,,4.1,4
100790,160,Ünlen Bilge,Erkek,37,Ankara,Mamak,5002,Xiaomi Redmi Note 12,Elektronik,Xiaomi,8913.57,5,0,0.0,Kredi Kartı,Tamamlandı,17-09-2024 16:55:38,24-09-2024 18:55:38,44567.85,4.0,Bronze,SEPET50,5.0,120
100791,336,Ünal Akar,Kadın,47,samsun,İlkadım,5010,Mavi Jeans Skinny Kot Pantolon,,Mavi,711.66,2,5,0.0,Kredi Kartı,Tamamlandı,18-04-2026 14:37:32,22-04-2026 15:37:32,1352.15,2.9,Silver,HOSGELDIN15_2026,4.5,31
100792,60,Yekda Hayrioğlu,Erkek,46,Antalya,Konyaaltı,5032,Karaca Tost Makinesi,Mutfak,Karaca,849.13,1,0,0.0,Kredi Kartı,Tamamlandı,31-06-2025 11:11:11,07-12-2024 03:26:23,849.13,4.6,Silver,,4.2,167
100793,77,Şahdiye Erdoğan,Kadın,26,İstanbul,Kartal,5016,Adidas Ultraboost 22,Ayakkabı,Adidas,4296.42,3,10,0.0,Kredi Kartı,Tamamlandı,16-03-2025 01:27:02,17-03-2025 16:27:02,11600.33,4.2,Platinum,,3.5,258
100794,307,Galip Durmuş,Erkek,37,Konya,Meram,5027,IKEA MALM Çalışma Masası,Ev & Yaşam,IKEA,2837.46,1,15,0.0,Kredi Kartı,Tamamlandı,01-06-2025 15:11:04,03-06-2025 05:11:04,2411.84,3.4,Bronze,SEPET50,4.3,32
100795,306,Koşukhan Sezer,Erkek,41,İstanbul,Kadıköy,5034,Arzum Çay Makinesi,Mutfak,Arzum,1269.34,1,120,0.0,Kredi Kartı,Tamamlandı,11-03-2026 17:57:57,16-03-2026 01:57:57,1269.34,4.1,Silver,KARGOBEDAVA,3.2,60
100796,125,,Kadın,53,Denizli,Merkezefendi,5002,Xiaomi Redmi Note 12,,xiaomi,8267.88,1,0,0.0,Dijital Cüzdan,Tamamlandı,12-09-2024 13:54:18,18-09-2024 12:54:18,17617.49,4.3,Bronze,SEPET50,5.0,123
100797,217,Menişan Mansız,Kadın,31,İzmir,Bornova,5060,Nestlé Nescafe Gold 200gr,Süpermarket,Nestlé,354.68,2,15,19.99,Kapıda Ödeme,Tamamlandı,28-09-2024 06:58:39,03-10-2024 14:58:39,622.95,4.5,Bronze,,3.6,22
100798,264,Tüzeer Bilge,Erkek,18,Bursa,Osmangazi,5044,Prima Bebek Bezi Jumbo Paket,Anne & Bebek,Prima,-419.84,1,5,49.99,Kredi Kartı,Tamamlandı,08-12-2024 10:04:47,14-12-2024 07:04:47,448.84,4.1,Silver,KARGOBEDAVA,3.7,126
100799,348,,Kadın,7,Ankara,Çankaya,5026,Bioderma Sensibio Micellar Su,Kozmetik,Bioderma,324.86,3,10,0.0,Kredi Kartı,Tamamlandı,13-03-2026 11:35:01,14-03-2026 18:35:01,877.12,3.9,Gold,sepet50!!,4.6,173
100800,114,Sarıcabay Aksu,Erkek,34,İstanbul,Bakırköy,5046,Chicco Bebek Arabası,Anne & Bebek,Chicco,5924.07,3,10,0.0,Havale/EFT,Tamamlandı,04-07-2025 17:18:58,09-07-2025 17:18:58,15994.99,3.5,Bronze,HOSGELDIN15,4.2,316
100801,228,Naz Bilir,Kadın,28,İstanbul,Beylikdüzü,5013,Pull&Bear Kapüşonlu Sweatshirt,Giyim,Pull&Bear,659.67,1,5,49.99,Kredi Kartı,İptal,20-08-2024 22:59:16,25-08-2024 15:59:16,676.68,3.6,Silver,,4.7,11
100802,107,Semender Akça,Erkek,44,Gaziantep,,5019,Bambi Hakiki Deri Bot,Ayakkabı,Bambi,1404.28,1,10,0.0,Kredi Kartı,Tamamlandı,18-11-2024 22:43:43,22-11-2024 16:43:43,3406.83,4.5,Bronze,,4.4,63
100803,146,Memili Ergül,Erkek,31,Bursa,Nilüfer,5015,Nike Air Max 270,Ayakkabı,nike,3987.87,2,5,0.0,Dijital Cüzdan,Tamamlandı,11-07-2025 07:56:53,13-07-2025 10:56:53,7576.95,3.8,Bronze,,2.9,0
100804,82,Abdülsamed Tarhan,Erkek,46,Kayseri,Kocasinan,5035,Fakir Robot Süpürge,,Fakir,4194.48,3,5,0.0,Havale/EFT,Tamamlandı,32-01-2025 12:00:00,09-06-2025 19:56:51,11954.27,3.6,Silver,,4.7,48
100805,326,Müşüre Çorlu,Kadın,54,Ankara,Etimesgut,5034,Arzum Çay Makinesi,Mutfak,Arzum,1096.09,3,5,0.0,Kredi Kartı,İptal,04-09-2025 05:42:54,06-09-2025 17:42:54,3123.86,4.8,Bronze,MAYIS25,3.2,56
100806,238,Selime Durmuş,Kadın,52,Adana,Seyhan,5024,Nivea Nemlendirici Krem,Kozmetik,Nivea,130.61,1,5,29.99,Havale/EFT,Tamamlandı,20-10-2024 22:11:55,26-10-2024 14:11:55,154.07,4.0,Bronze,,4.4,36
100807,293,Hürüyet Türk,Kadın,36,Gaziantep,Şehitkamil,5020,Greyder Klasik Erkek Ayakkabı,Ayakkabı,Greyder,1265.89,1,10,0.0,Havale/EFT,İade,24-06-2024 21:53:39,01-07-2024 09:53:39,1139.3,4.2,Bronze,,4.1,12
100808,83,Yertan Demir,Erkek,44,İzmir,Bornova,5011,DeFacto Basic Tişört,Giyim,DeFacto,-167.22,2,0,29.99,Kredi Kartı,İptal,29-12-2024 21:01:47,03-01-2025 11:01:47,364.43,4.3,Bronze,MAYIS25,3.6,22
100809,124,Baykan Yüksel,Erkek,28,Mersin,,5032,Karaca Tost Makinesi,Mutfak,Karaca,956.55,3,15,0.0,Kapıda Ödeme,İptal,06-02-2025 16:49:43,07-02-2025 16:49:43,2439.2,3.7,Silver,,4.2,176
100810,347,Erenalp Çamurcuoğlu,Erkek,22,İzmir,Çiğli,5030,Bellona Yatak Örtüsü Seti,Ev & Yaşam,Bellona,1044.87,1,5,0.0,Kredi Kartı,Tamamlandı,02-10-2024 22:05:57,24-09-2024 22:05:57,2933.01,4.5,Bronze,,4.3,285
100811,247,Aykut Hançer,Kadın,34,Eskişehir,Odunpazarı,5018,Skechers Yürüyüş Ayakkabısı,Ayakkabı,Skechers,2449.33,3,10,0.0,Kredi Kartı,Tamamlandı,06-11-2025 22:54:39,13-11-2025 12:54:39,6613.19,3.6,Gold,,3.9,25
100812,54,Alpin Bilgin,Erkek,54,İstanbul,Bakırköy,5048,Lego City Polis Seti,Oyuncak,Lego,1295.14,3,0,0.0,Kredi Kartı,Tamamlandı,14-05-2025 05:10:05,16-05-2025 20:10:05,3885.42,4.2,Silver,YAZ2026,4.9,30
100813,329,Gönen Bilgin,Erkek,34,Konya,Meram,5057,Eti Crax Kraker 24lü Kutu,Süpermarket,Eti,199.64,3,15,39.99,Kredi Kartı,Tamamlandı,05-09-2025 09:23:26,10-09-2025 17:23:26,549.07,4.1,Silver,,4.6,49
100814,76,,Erkek,36,Bursa,Osmangazi,5014,Boyner Klasik Gömlek,Giyim,Boyner,570.04,2,10,0.0,Kredi Kartı,Tamamlandı,03-01-2026 23:04:45,07-01-2026 14:04:45,1026.07,4.3,Gold,,4.4,7
100815,151,Rahiye Gül,Kadın,24,İstanbul,Üsküdar,5009,Koton Erkek Slim Fit Kot Pantolon,Giyim,Koton,582.23,3,0,0.0,Kredi Kartı,İptal,19-01-2026 11:01:49,22-01-2026 05:01:49,1746.69,3.8,Silver,HOSGELDIN15,5.0,-14
100816,265,Yılma Sezgin,Erkek,36,İzmir,Çiğli,5057,Eti Crax Kraker 24lü Kutu,Süpermarket,Eti,161.93,1,0,39.99,Kredi Kartı,Tamamlandı,10-10-2025 23:36:24,13-10-2025 15:36:24,201.92,3.6,Bronze,,4.6,54
100817,195,Aygönenç Mansız,Kadın,44,İstanbul,Beşiktaş,5021,L'Oréal Paris Revitalift Serum,Kozmetik,L'Oréal,394.97,1,0,19.99,Havale/EFT,Tamamlandı,14-09-2025 20:43:53,20-09-2025 20:43:53,414.96,3.8,Silver,,3.1,182
100818,117,Dirlik İhsanoğlu,Erkek,-1,Gaziantep,Şahinbey,5042,İş Bankası Kültür Yayınları Klasik Set,Kitap & Hobi,İş Bankası Kültür Yayınları,308.21,2,25,-19.99,Kredi Kartı,İade,03-12-2025 02:53:33,04-12-2025 16:53:33,482.3,3.7,Gold,,4.1,1
100819,126,Naide Yıldırım,Kadın,20,İstanbul,,5044,Prima Bebek Bezi Jumbo Paket,Anne & Bebek,Prima,,3,0,0.0,Havale/EFT,Tamamlandı,14-02-2026 09:40:34,19-02-2026 17:40:34,1321.35,4.7,Bronze,INDIRIM10,3.7,125
100820,68,İlklima Şafak,Kadın,23,Bursa,Osmangazi,5013,Pull&Bear Kapüşonlu Sweatshirt,Giyim,Pull&Bear,568.28,2,10,0.0,Kredi Kartı,Tamamlandı,23-07-2024 11:36:33,31-07-2024 07:36:33,1022.9,5.0,Bronze,KARGOBEDAVA,4.7,11
100821,227,Şehza Bilir,Kadın,23,İstanbul,,5006,Huawei MatePad 11 Tablet,Elektronik,Huawei,,1,5,0.0,Havale/EFT,Tamamlandı,23-09-2024 16:06:57,01-10-2024 12:06:57,10250.33,4.4,Gold,SEPET50,4.0,36
100822,234,Alaeddin Yılmaz,Erkek,40,Kocaeli,Gebze,5048,Lego City Polis Seti,Oyuncak,Lego,1044.3,1,10,0.0,Kredi Kartı,Tamamlandı,18-03-2025 23:29:38,22-03-2025 07:29:38,939.87,4.6,Gold,,4.9,28
100823,175,Safinaz Sezer,Kadın,26,Ankara,Etimesgut,5032,Karaca Tost Makinesi,Mutfak,Karaca,823.52,-2,25,0.0,Dijital Cüzdan,Tamamlandı,23-04-2025 18:33:07,28-04-2025 09:33:07,617.64,4.0,GOLD,YAZ2026,4.2,172
100824,345,Verde Ertaş,Kadın,41,Ankara,Mamak,5021,L'Oréal Paris Revitalift Serum,Kozmetik,L'Oréal,477.58,2,0,-32.3718372889135,Kapıda Ödeme,Tamamlandı,05-01-2025 11:11:05,10-01-2025 20:11:05,955.16,4.4,,MAYIS25,3.1,181
100825,53,Öge Öcalan,Erkek,32,Konya,Selçuklu,5036,Korkmaz Tencere Seti,Mutfak,Korkmaz,2939.08,1,0,0.0,Kredi Kartı,Tamamlandı,09-11-2024 22:12:50,16-11-2024 03:12:50,2939.08,4.3,Silver,MAYIS25,4.0,17
100826,335,Kıvılcım Akgündüz,Erkek,18,ANTALYA,,5049,Hot Wheels Araba Seti 10lu,Oyuncak,Hot Wheels,581.62,1,0,39.99,Kredi Kartı,Tamamlandı,15-06-2026 12:53:10,23-06-2026 11:53:10,621.61,4.8,Gold,HOSGELDIN15,3.4,86
100827,289,Minibe Şafak,Kadın,36,Ankara,Mamak,5000,Samsung Galaxy A54 128GB,,Samsung,20811.11,1,25,0.0,Kredi Kartı,İptal,11-09-2025 09:59:00,13-09-2025 07:59:00,15608.33,4.6,Silver,SEPET50,3.6,38
100828,151,Rahiye Gül,Kadın,24,Eskişehir,Odunpazarı,5020,Greyder Klasik Erkek Ayakkabı,Ayakkabı,Greyder,1156.5,1,10,0.0,Havale/EFT,Tamamlandı,23-02-2026 18:18:41,28-02-2026 02:18:41,1040.85,3.8,Silver,INDIRIM10,0.0,11
100829,167,Rebihat Soylu,Kadın,34,Gaziantep,Şahinbey,5060,Nestlé Nescafe Gold 200gr,Süpermarket,Nestlé,377.11,1,10,49.99,Kredi Kartı,İade,22-01-2026 13:39:14,18-01-2026 13:39:14,389.39,3.7,Gold,HOSGELDIN15,3.6,17
100830,276,Danış Gülen,Erkek,34,Ankara,Yenimahalle,5007,Casper Excalibur Oyuncu Bilgisayarı,Elektronik,Casper,30190.25,4,0,0.0,Dijital Cüzdan,Tamamlandı,03-11-2024 05:28:35,08-11-2024 14:28:35,120761.0,4.0,Bronze,,5.0,83
100831,46,Tenvir Aksu,Erkek,35,i̇zmir,Karşıyaka,5036,Korkmaz Tencere Seti,Mutfak,Korkmaz,2801.24,2,10,0.0,Kapıda Ödeme,Tamamlandı,22-10-2024 02:28:33,30-10-2024 00:28:33,5042.23,4.7,Silver,,4.0,15
100832,185,Şide Fırat,Erkek,35,Denizli,Merkezefendi,5047,Mamas & Papas Bebek Bavulu,Anne & Bebek,Mamas & Papas,2507.67,1,5,0.0,Kredi Kartı,Tamamlandı,25-04-2026 09:25:51,29-04-2026 04:25:51,2382.29,3.6,,,3.7,6
100833,72,Okseven Çorlu,Erkek,18,İstanbul,Ataşehir,5027,IKEA MALM Çalışma Masası,Ev & Yaşam,IKEA,2896.31,1,0,-17.04356865495481,Kredi Kartı,İptal,07-11-2025 13:35:52,09-11-2025 07:35:52,2896.31,4.2,Bronze,,4.3,32
100834,259,Ürfettin Akçay,Erkek,39,Trabzon,Akçaabat,5050,Barbie Rüya Evi,Oyuncak,Barbie,3200.45,1,0,0.0,Kredi Kartı,Tamamlandı,03-09-2024 20:19:36,10-09-2024 23:19:36,3200.45,3.5,Platinum,,3.9,74
100835,45,Benek Tevetoğlu,Kadın,28,Antalya,Konyaaltı,5039,ADIDAS SPOR ÇANTA,Spor & Outdoor,Adidas,960.07,1,0,0.0,Havale/EFT,İptal,20-09-2025 16:25:51,23-09-2025 12:25:51,960.07,4.4,Bronze,INDIRIM10,4.0,500000
100836,,Vildane İhsanoğlu,Kadın,43,Ankara,Etimesgut,5049,Hot Wheels Araba Seti 10lu,Oyuncak,Hot Wheels,573.15,3,5,0.0,Kredi Kartı,Tamamlandı,07-06-2024 22:42:28,15-06-2024 10:42:28,1633.48,3.6,Bronze,INDIRIM10,3.4,85
100837,219,Risalet Yılmaz,Erkek,51,İstanbul,Şişli,5037,Decathlon Kamp Çadırı,Spor & Outdoor,Decathlon,1739.63,1,,0.0,Havale/EFT,Tamamlandı,10-01-2026 12:54:44,17-01-2026 06:54:44,1652.65,3.3,Silver,INDIRIM10,4.5,9
100838,158,Müslum Yüksel,Erkek,48,i̇stanbul,Kadıköy,5034,Arzum Çay Makinesi,Mutfak,Arzum,1200.96,3,15,0.0,Kredi Kartı,İade,02-05-2025 11:28:51,05-05-2025 08:28:51,3062.45,4.1,Gold,HOSGELDIN15,3.2,53
100839,218,Ünek Şensoy,Erkek,50,Kocaeli,İzmit,5059,Pınar Süt 1L 12li Koli,Süpermarket,Pınar,,-3,0,0.0,Kapıda Ödeme,İade,05-10-2024 13:39:26,07-10-2024 03:39:26,943.17,4.1,Platinum,,,99999
100840,195,Aygönenç Mansız,Kadın,44,İstanbul,Beylikdüzü,5025,Golden Rose Ruj,Kozmetik,Golden Rose,,3,10,19.99,Kredi Kartı,Tamamlandı,14-01-2026 18:48:18,15-01-2026 23:48:18,268.17,3.8,Silver,,4.8,122
100646,251,Neslinur Bilir,Kadın,44,Gaziantep,Şahinbey,5047,Mamas & Papas Bebek Bavulu,Anne & Bebek,Mamas & Papas,2596.29,1,0,0.0,Kredi Kartı,Tamamlandı,03-10-2025 09:17:40,08-10-2025 12:17:40,2596.29,5.0,Bronze,,3.7,6
100842,4,Dündaralp Yaman,E,51,Ankara,Mamak,5025,Golden Rose Ruj,Kozmetik,Golden Rose,137.69,1,5,39.99,Kapıda Ödeme,Tamamlandı,30-03-2026 10:56:52,02-04-2026 08:56:52,170.8,4.6,,SEPET50,4.8,127
100843,242,Faize Duran,Kadın,18,İstanbul,Bakırköy,5046,Chicco Bebek Arabası,Anne & Bebek,Chicco,5794.72,1,0,0.0,Kredi Kartı,Tamamlandı,10-10-2024 18:52:56,12-10-2024 22:52:56,5794.72,4.2,Gold,,4.2,311
100844,32,Savni Arslan,Erkek,21,Antalya,Muratpaşa,5055,Casio Dijital Kol Saati,Aksesuar,Casio,1343.91,1,10,0.0,Kapıda Ödeme,Tamamlandı,26-11-2024 18:52:53,29-11-2024 17:52:53,1209.52,3.4,Bronze,,3.0,51
100845,93,Gözem Zorlu,Kadın,31,Ankara,Çankaya,5050,Barbie Rüya Evi,Oyuncak,Barbie,2711.09,1,0,0.0,Havale/EFT,İptal,27-02-2025 22:38:35,02-03-2025 22:38:35,2711.09,4.5,Silver,,3.9,71
100846,15,Gürten Dumanlı,Kadın,27,Trabzon,Ortahisar,,Mamas & Papas Bebek Bavulu,Anne & Bebek,Mamas & Papas,2497.62,4,0,0.0,Kredi Kartı,Tamamlandı,20-11-2025 06:10:48,22-11-2025 09:10:48,,3.9,Bronze,INDIRIM10,3.7,7
100847,215,Metinkaya Karadeniz,Erkek,45,Kocaeli,,5030,BELLONA YATAK ÖRTÜSÜ SETI,Ev & Yaşam,Bellona,885.77,1,20,,Kredi Kartı,İptal,15-03-2026 00:01:34,18-03-2026 15:01:34,708.62,3.0,Gold,,4.3,282
100848,66,Övün Duran,Kadın,18,Ankara,Etimesgut,5023,Maybelline Maskara,Kozmetik,Maybelline,275.69,2,0,49.99,Havale/EFT,İptal,18-12-2024 04:34:53,20-12-2024 20:34:53,601.37,4.1,Bronze,indirim10!!,4.4,3
100849,338,Pürçek Yüksel,Kadın,18,İstanbul,Beşiktaş,5045,Huggies Islak Mendil 12li,Anne & Bebek,Huggies,302.5,4,0,0.0,Kredi Kartı,Tamamlandı,07-04-2026 10:57:46,11-04-2026 08:57:46,1210.0,3.6,Bronze,,3.8,162
100850,303,Ginyas Zorlu,Erkek,38,Bursa,Yıldırım,5056,Ülker Albeni 12li Paket,Süpermarket,Ülker,68.0,4,0,39.99,Havale/EFT,Tamamlandı,06-07-2024 14:01:06,12-07-2024 15:01:06,311.99,5.0,Silver,,4.2,50
100851,8,İrfan Şafak,Kadın,18,İstanbul,Kadıköy,5053,Guess Kadın Çanta,Aksesuar,Guess,3533.2,1,0,0.0,Havale/EFT,Tamamlandı,19-05-2025 06:50:08,26-05-2025 00:50:08,3533.2,3.8,Bronze,,4.1,13
100852,233,İnançlı Aslan,Erkek,32,Adana,Çukurova,5007,Casper Excalibur Oyuncu Bilgisayarı,Elektronik,Casper,33194.56,2,5,0.0,Kredi Kartı,İade,08-12-2024 09:17:40,12-12-2024 00:17:40,63069.66,4.0,Bronze,,5.0,82
100853,340,Uçan Yılmaz,Erkek,44,İstanbul,Maltepe,5048,Lego City Polis Seti,Oyuncak,,1111.44,1,5,0.0,Havale/EFT,İade,08-10-2024 03:26:37,10-10-2024 17:26:37,1055.87,4.9,Platinum,,4.9,26
100854,282,Zehranur Şama,Kadın,43,Gaziantep,Şehitkamil,5055,Casio Dijital Kol Saati,Aksesuar,Casio,1108.57,1,10,0.0,Dijital Cüzdan,İade,30-10-2025 06:38:55,03-11-2025 22:38:55,997.71,3.9,Bronze,SEPET50,3.0,44
100855,9,Atanur Yıldırım,Kadın,22,İstanbul,,5033,Tefal Airfryer,Mutfak,Tefal,3281.22,1,20,,Kredi Kartı,İptal,,10-06-2025 17:38:27,2624.98,4.3,Gold,,3.1,65
100856,86,Ertuncay Öcalan,Erkek,24,Ankara,Çankaya,5043,Faber-Castell Boya Kalemi Seti,Kitap & Hobi,Faber-Castell,171.53,2,10,,Kredi Kartı,İade,09-08-2025 07:21:42,12-08-2025 08:21:42,338.74,3.6,Silver,,3.7,209
100857,152,Nalân Sezgin,Kadın,42,Ankara,Etimesgut,5026,Bioderma Sensibio Micellar Su,Kozmetik,Bioderma,407.25,1,0,39.99,Kredi Kartı,Tamamlandı,22-12-2025 11:20:42,25-12-2025 10:20:42,447.24,4.5,Silver,,4.6,169
100858,31,Karlukhan Çorlu,Erkek,28,Kayseri,Melikgazi,5009,Koton Erkek Slim Fit Kot Pantolon,Giyim,Koton,544.28,1,25,29.99,Kredi Kartı,Tamamlandı,04-08-2025 14:14:09,09-08-2025 20:14:09,438.2,4.0,Silver,HOSGELDIN15,5.0,3
100859,116,Tamaydın Şafak,Erkek,25,Kocaeli,Gebze,5008,LC Waikiki Kadın Triko Kazak,Giyim,LC Waikiki,428.53,1,15,29.99,Kredi Kartı,Tamamlandı,10-03-2025 11:55:22,12-03-2025 07:55:22,394.24,4.2,Bronze,HOSGELDIN15,3.6,19
100860,53,Öge Öcalan,Erkek,32,Kayseri,Kocasinan,5014,Boyner Klasik Gömlek,Giyim,Boyner,515.11,1,0,49.99,Kredi Kartı,İptal,08.06.2026 12:25:44,11-06-2026 13:25:44,-565.1,4.3,Silver,HOSGELDIN15,4.4,0
100861,321,Uluman Bilir,Erkek,30,İzmir,Çiğli,5010,Mavi Jeans Skinny Kot Pantolon,Giyim,Mavi,906.68,2,15,0.0,Kapıda Ödeme,Tamamlandı,09/14/2024 03:13:29,20-09-2024 22:13:29,1541.36,5.0,Silver,,,26
100862,124,Baykan Yüksel,Erkek,28,Samsun,Atakum,5053,Guess Kadın Çanta,Aksesuar,Guess,3412.08,1,0,0.0,Kredi Kartı,Tamamlandı,12-06-2026 10:02:38,16-06-2026 06:02:38,3412.08,3.7,Silver,,4.1,16
100863,342,Deniz Öcalan,Kadın,28,Eskişehir,Tepebaşı,5005,Lenovo IdeaPad 3 Dizüstü Bilgisayar,Elektronik,Lenovo,17084.02,2,5,0.0,Havale/EFT,Tamamlandı,19-08-2025 09:40:32,21-08-2025 07:40:32,32459.64,4.4,Silver,,3.5,36
100864,290,Şelâle Zorlu,Kadın,18,Ankara,Etimesgut,5055,Casio Dijital Kol Saati,Aksesuar,Casio,1455.15,1,10,0.0,Havale/EFT,Tamamlandı,09-09-2024 20:57:28,10-09-2024 23:57:28,1309.64,4.8,Bronze,,3.0,44
100865,185,Şide Fırat,Erkek,35,Antalya,Kepez,5057,Eti Crax Kraker 24lü Kutu,Süpermarket,Eti,192.27,3,10,19.99,Kredi Kartı,Tamamlandı,15-09-2025 20:52:29,23-09-2025 12:52:29,539.12,3.6,Bronze,KARGOBEDAVA,4.6,57
100866,222,Enfes Eraslan,Kadın,18,,Seyhan,5013,Pull&Bear Kapüşonlu Sweatshirt,Giyim,Pull&Bear,670.08,1,25,19.99,,Tamamlandı,30-06-2024 16:37:30,08-07-2024 00:37:30,522.55,4.0,Silver,SEPET50,4.7,15
100867,181,Zeyno Yorulmaz,Kadın,39,Kocaeli,İzmit,5017,Puma Smash V2,Ayakkabı,Puma,1812.2,1,5,0.0,Dijital Cüzdan,Tamamlandı,12-11-2024 07:37:23,18-11-2024 00:37:23,-1721.59,5.0,Bronze,,3.8,34
100868,179,Duracan Yorulmaz,Erkek,33,Mersin,Yenişehir,5054,Fossil Kol Saati,Aksesuar,Fossil,3999.74,1,5,0.0,Kredi Kartı,İptal,20-01-2025 11:31:28,23-01-2025 14:31:28,3799.75,3.9,Gold,,4.7,11
100869,328,Hasret Tarhan,Kadın,62,İzmir,Çiğli,5031,Tarz Mobilya Sehpa,Ev & Yaşam,Tarz,2075.53,3,0,0.0,Kapıda Ödeme,Tamamlandı,12-05-2025 15:56:19,,6226.59,4.1,Bronze,,4.1,15
100870,9,Atanur Yıldırım,Kadın,22,İstanbul,Kartal,5019,Bambi Hakiki Deri Bot,Ayakkabı,Bambi,39048.95,2,10,0.0,Kapıda Ödeme,Tamamlandı,13-07-2025 22:31:04,20-07-2025 00:31:04,3305.12,4.3,Gold,YAZ2026,4.4,72
100871,340,Uçan Yılmaz,Erkek,44,İzmir,Karşıyaka,5009,Koton Erkek Slim Fit Kot Pantolon,Giyim,Koton,614.77,2,5,0.0,Dijital Cüzdan,Tamamlandı,28-03-2025 22:20:02,03-04-2025 00:20:02,1168.06,4.9,Platinum,INDIRIM10,5.0,9
100872,21,Laika Manço,Kadın,42,İstanbul,Üsküdar,5042,İş Bankası Kültür Yayınları Klasik Set,Kitap & Hobi,İş Bankası Kültür Yayınları,548.17,1,0,29.99,Kredi Kartı,Tamamlandı,26-03-2026 07:51:47,28-03-2026 07:51:47,578.16,4.2,Silver,YAZ2026,4.1,7
100873,248,Nezize Akçay,Kadın,50,Eskişehir,Tepebaşı,5035,Fakir Robot Süpürge,Mutfak,Fakir,4437.08,2,5,0.0,Kapıda Ödeme,Tamamlandı,05-03-2026 20:57:06,10-03-2026 19:57:06,8430.45,4.4,Platinum,HOSGELDIN15,4.7,42
100874,221,Cuheyna Akça,Kadın,38,,Keçiören,5020,Greyder Klasik Erkek Ayakkabı,Ayakkabı,Greyder,1224.22,1,10,0.0,Kredi Kartı,İptal,21-05-2026 08:59:21,27-05-2026 02:59:21,1101.8,4.1,Platinum,MAYIS25,4.1,16
100875,275,Akalan Ülker,Erkek,38,Ankara,Etimesgut,5014,Boyner Klasik Gömlek,Giyim,Boyner,530.03,2,10,0.0,Havale/EFT,İade,09/20/2025 09:47:55,25-09-2025 10:47:55,954.05,3.7,Bronze,,4.4,4
100876,255,Rebihat Mansız,Kadın,34,Antalya,Muratpaşa,5010,Mavi Jeans Skinny Kot Pantolon,Giyim,Mavi,607.74,1,10,39.99,Kredi Kartı,Tamamlandı,05-08-2024 12:54:13,07-08-2024 11:54:13,586.96,3.6,Gold,HOSGELDIN15,4.5,21
100877,366,Macide Yüksel,Kadın,36,Antalya,Konyaaltı,5045,Huggies Islak Mendil 12li,Anne & Bebek,Huggies,349.37,1,5,49.99,Kredi Kartı,Tamamlandı,08-04-2025 12:02:03,11-04-2025 06:02:03,381.89,3.5,Platinum,,3.8,160
100878,209,Dorukhan Zorlu,Erkek,51,İstanbul,Pendik,5043,Faber-Castell Boya Kalemi Seti,Kitap & Hobi,Faber-Castell,226.29,3,25,19.99,Havale/EFT,Tamamlandı,01-10-2024 02:35:07,06-10-2024 04:35:07,529.14,4.2,Platinum,,3.7,205
100879,376,Nakip Seven,Erkek,23,İstanbul,Kartal,5049,Hot Wheels Araba Seti 10lu,Oyuncak,Hot Wheels,589.71,1,0,49.99,Havale/EFT,Tamamlandı,05-09-2024 14:41:34,11-09-2024 12:41:34,639.7,3.3,Silver,,3.4,86
100880,,Dorukhan Zorlu,Erkek,,Ankara,Mamak,5008,LC Waikiki Kadın Triko Kazak,Giyim,LC Waikiki,419.45,1,0,29.99,Havale/EFT,İptal,25-10-2025 03:18:12,27-10-2025 11:18:12,449.44,4.2,Platinum,,3.6,14
100881,180,İde Korutürk,Kadın,37,Kocaeli,İzmit,5021,L'Oréal Paris Revitalift Serum,Kozmetik,L'Oréal,440.35,1,0,19.99,Dijital Cüzdan,Tamamlandı,18-06-2025 03:28:36,20-06-2025 03:28:36,460.34,3.6,Bronze,,3.1,182
100882,7,Sancak Çorlu,Erkek,36,İstanbul,Ataşehir,5019,Bambi Hakiki Deri Bot,Ayakkabı,Bambi,1219.36,4,10,0.0,Kapıda Ödeme,İade,11-12-2024 23:10:24,17-12-2024 14:10:24,4389.7,3.0,Silver,INDIRIM10,4.4,68
100883,50,Kitan İhsanoğlu,Kadın,34,Trabzon,Ortahisar,5038,Nike Pro Antrenman Tayt,Spor & Outdoor,Nike,712.25,1,5,29.99,Kredi Kartı,İptal,30-08-2025 01:06:16,04-09-2025 02:06:16,706.63,4.0,Silver,,4.0,10
100884,160,Ünlen Bilge,Erkek,37,Kocaeli,İzmit,5022,Flormar Likit Fondöten,Kozmetik,Flormar,218.3,2,0,19.99,Kredi Kartı,Tamamlandı,18-02-2026 12:17:03,,456.59,4.0,Bronze,,4.3,93
100885,230,Tan Eraslan,Kadın,27,,İzmit,5021,L'Oréal Paris Revitalift Serum,Kozmetik,L'Oréal,399.24,1,25,49.99,Kredi Kartı,Tamamlandı,02-06-2025 02:08:03,06-06-2025 23:08:03,349.42,3.4,Bronze,,3.1,183
100886,51,Çolpan Bilgin,Kadın,18,Samsun,İlkadım,5042,İş Bankası Kültür Yayınları Klasik Set,Kitap & Hobi,İş Bankası Kültür Yayınları,463.7,4,10,0.0,Havale/EFT,Tamamlandı,12-12-2025 23:25:05,15-12-2025 08:25:05,1669.32,3.8,Bronze,KARGOBEDAVA,4.1,1
100887,150,Canur Yorulmaz,Kadın,42,Kocaeli,Gebze,5025,Golden Rose Ruj,Kozmetik,Golden Rose,106.11,1,0,19.99,Kredi Kartı,Tamamlandı,04-07-2025 11:08:14,08-07-2025 20:08:14,126.1,4.5,Bronze,,4.8,121
100888,271,Demiryürek Alemdar,Erkek,43,Eskişehir,Odunpazarı,5060,Nestlé Nescafe Gold 200gr,Süpermarket,Nestlé,288.92,4,15,0.0,Havale/EFT,Tamamlandı,18-04-2025 01:44:45,23-04-2025 01:44:45,982.33,3.4,Platinum,HOSGELDIN15,3.6,19
100889,97,Demirok Manço,Erkek,36,Ankara,Etimesgut,5003,"LG 55"" 4K Smart TV",Elektronik,LG,18706.86,2,5,0.0,Kredi Kartı,İptal,03-11-2025 13:30:04,04-11-2025 19:30:04,35543.03,3.4,Bronze,INDIRIM10,3.9,246
100890,365,Meşhur Erdoğan,Erkek,28,Ankara,Keçiören,5031,Tarz Mobilya Sehpa,Ev & Yaşam,Tarz,1686.06,2,0,0.0,Dijital Cüzdan,Tamamlandı,07-05-2026 04:14:07,10-05-2026 04:14:07,3372.12,3.6,Silver,,4.1,20
100891,170,Altoğan Aksu,Erkek,38,Kocaeli,Gebze,5052,Pierre Cardin Cüzdan,Aksesuar,Pierre Cardin,518.51,4,5,0.0,Kredi Kartı,Tamamlandı,02/27/2026 09:24:00,04-03-2026 06:24:00,1970.34,3.8,Gold,,5.0,106
100892,159,Arıkol Dumanlı,Erkek,,İstanbul,Bakırköy,5026,Bioderma Sensibio Micellar Su,Kozmetik,Bioderma,382.83,1,5,39.99,Kapıda Ödeme,Tamamlandı,13-10-2025 09:13:36,,403.68,3.9,Silver,,4.6,174
100893,22,Doğanşah İnönü,,32,Konya,Meram,,LC Waikiki Kadın Triko Kazak,Giyim,LC Waikiki,382.59,1,10,19.99,Kredi Kartı,Tamamlandı,08-08-2024 06:40:33,13-08-2024 16:40:33,364.32,3.9,Bronze,SEPET50,3.6,15
100894,349,Emiş Sezgin,Kadın,37,Gaziantep,Şahinbey,5018,Skechers Yürüyüş Ayakkabısı,Ayakkabı,Skechers,2229.01,1,10,0.0,Kredi Kartı,Tamamlandı,24-12-2024 03:08:58,29-12-2024 18:08:58,2006.11,3.3,Bronze,MAYIS25,3.9,24
100895,241,Dilfeza Erdoğan,Kadın,32,İzmir,Konak,,Boyner Klasik Gömlek,Giyim,Boyner,359.51,1,0,19.99,Kredi Kartı,Tamamlandı,23-08-2025 05:11:51,28-08-2025 00:11:51,379.5,3.5,Bronze,,4.4,7
100896,258,Buhari Sezgin,Erkek,,Kayseri,Melikgazi,5049,Hot Wheels Araba Seti 10lu,Oyuncak,Hot Wheels,452.61,1,10,29.99,Kredi Kartı,İade,27-11-2024 12:44:50,01-12-2024 18:44:50,437.34,4.6,Silver,,3.4,80
100897,201,,Kadın,18,Ankara,Yenimahalle,5032,Karaca Tost Makinesi,Mutfak,Karaca,725.46,1,0,49.99,Kredi Kartı,Tamamlandı,07-02-2025 21:54:20,13-02-2025 06:54:20,775.45,3.7,Silver,,4.2,168
100898,281,Umutcan Karadeniz,Erkek,37,Kocaeli,İzmit,5007,Casper Excalibur Oyuncu Bilgisayarı,,Casper,-32532.39,1,5,0.0,Havale/EFT,Tamamlandı,26-04-2025 13:29:05,27-04-2025 17:29:05,30905.77,5.0,Silver,,5.0,85
100899,120,Denizalp Demirel,Erkek,26,İstanbul,Kadıköy,5036,Korkmaz Tencere Seti,Mutfak,Korkmaz,2264.26,1,10,0.0,Kapıda Ödeme,Tamamlandı,07-07-2024 20:31:17,12-07-2024 22:31:17,2037.83,4.6,Silver,KARGOBEDAVA,4.0,19
100900,331,Bilender Yıldırım,Erkek,27,Ankara,Etimesgut,5024,,Kozmetik,Nivea,121.48,2,10,39.99,Kredi Kartı,İade,09-09-2025 17:26:40,12-09-2025 07:26:40,258.65,3.8,Bronze,,4.4,32
100901,115,Kaver Fırat,Kadın,26,İstanbul,Üsküdar,5024,Nivea Nemlendirici Krem,Kozmetik,Nivea,159.94,4,5,19.99,Kredi Kartı,Tamamlandı,14-07-2024 16:44:44,19-07-2024 14:44:44,627.76,4.5,Silver,,4.4,30
100902,206,Mükramin Mansız,Erkek,41,İstanbul,Maltepe,5013,Pull&Bear Kapüşonlu Sweatshirt,Giyim,Pull&Bear,782.56,1,5,0.0,Havale/EFT,Tamamlandı,03-07-2025 16:52:34,07-07-2025 02:52:34,743.43,3.4,Silver,KARGOBEDAVA,4.7,12
100903,371,Hanim Kısakürek,Kadın,18,Bursa,Osmangazi,5013,Pull&Bear Kapüşonlu Sweatshirt,Giyim,Pull&Bear,713.78,2,25,0.0,Havale/EFT,Tamamlandı,08-06-2025 16:52:15,14-06-2025 05:52:15,1070.67,3.3,Bronze,HOSGELDIN15,4.7,13
100904,202,Emal Ülker,Kadın,34,İstanbul,Beşiktaş,5034,Arzum Çay Makinesi,Mutfak,Arzum,1226.12,1,-10,0.0,Kapıda Ödeme,Tamamlandı,23-07-2024 07:15:37,25-07-2024 17:15:37,1042.2,4.1,Gold,,3.2,53
100905,338,Pürçek Yüksel,Kadın,18,Ankara,Etimesgut,5027,IKEA MALM Çalışma Masası,,ikea,2680.32,1,10,0.0,Kredi Kartı,Tamamlandı,07-03-2025 20:30:41,15-03-2025 00:30:41,4730.73,6,Bronze,,0,41
100906,102,Güngördü Soylu,Erkek,45,İstanbul,Maltepe,5029,Madame Coco Halı,Ev & Yaşam,Madame Coco,1445.7,2,15,0.0,Kredi Kartı,Tamamlandı,18-02-2026 19:19:05,25-02-2026 15:19:05,2457.69,4.7,Bronze,,5.8,15
100907,50,Kitan İhsanoğlu,Kadın,34,Mersin,Yenişehir,5001,Apple iPhone 13 128GB,Elektronik,APPLE,35069.35,3,0,0.0,Kapıda Ödeme,Tamamlandı,01-06-2025 07:23:28,07-06-2025 11:23:28,105208.05,4.0,Silver,,4.1,58
100908,34,Dalkılıç Demirel,Erkek,33,Ankara,Yenimahalle,5037,Decathlon Kamp Çadırı,Spor & Outdoor,Decathlon,1923.61,1,0,0.0,Kredi Kartı,Tamamlandı,28-12-2025 05:49:06,30-12-2025 10:49:06,1923.61,4.7,Silver,,4.5,14
100909,317,Özdoğdu Zengin,E,32,İzmir,Çiğli,5035,Fakir Robot Süpürge,Mutfak,Fakir,4568.76,2,0,0.0,Kapıda Ödeme,Tamamlandı,25-09-2024 05:20:21,24-09-2024 05:20:21,9137.52,3.8,Bronze,,4.7,40
100910,196,Atalay Seven,Erkek,24,İzmir,Buca,5010,Mavi Jeans Skinny Kot Pantolon,Giyim,Mavi,868.5,2,30,0.0,Kredi Kartı,Tamamlandı,07-01-2026 06:37:13,11-01-2026 06:37:13,1215.9,4.4,Silver,,4.5,31
100911,291,Barışcan Kısakürek,Erkek,37,Ankara,,5005,Lenovo IdeaPad 3 Dizüstü Bilgisayar,Elektronik,Lenovo,22762.19,1,0,0.0,Kredi Kartı,Tamamlandı,01-11-2024 04:02:25,09-11-2024 01:02:25,22762.19,3.9,Gold,sepet50,3.5,32
100912,150,Canur Yorulmaz,Kadın,42,Gaziantep,Şehitkamil,5022,Flormar Likit Fondöten,Kozmetik,Flormar,210.28,3,0,49.99,Dijital Cüzdan,Tamamlandı,14-02-2025 06:59:28,19-02-2025 14:59:28,680.83,4.5,Bronze,,4.3,87
100913,251,Neslinur Bilir,Kadın,44,Ankara,Keçiören,5003,"LG 55"" 4K Smart TV",Elektronik,LG,17922.32,2,0,0.0,Dijital Cüzdan,Tamamlandı,07-03-2025 23:54:34,12-03-2025 20:54:34,35844.64,5.0,Bronze,MAYIS25,3.9,243
100914,67,Kandef Korutürk,Kadın,22,Trabzon,Ortahisar,5047,Mamas & Papas Bebek Bavulu,Anne & Bebek,Mamas & Papas,2258.92,1,0,0.0,Kredi Kartı,Tamamlandı,13-05-2026 09:50:26,19-05-2026 21:50:26,2258.92,4.4,Gold,MAYIS25,3.7,12
100915,209,Dorukhan Zorlu,Erkek,51,Konya,Selçuklu,5060,Nestlé Nescafe Gold 200gr,,Nestlé,314.62,1,0,-39.99,Kredi Kartı,İptal,19-04-2026 03:05:14,22-04-2026 19:05:14,354.61,4.2,Platinum,,3.6,13
100916,66,Övün Duran,Kadın,18,Mersin,Yenişehir,5015,Nike Air Max 270,,Nike,3596.74,1,0,0.0,Kapıda Ödeme,Tamamlandı,17-08-2024 00:21:04,23-08-2024 00:21:04,3596.74,4.1,Bronze,,2.9,1
100917,317,Özdoğdu Zengin,Erkek,32,İstanbul,Kartal,5040,Under Armour Koşu Tişörtü,Spor & Outdoor,Under Armour,-691.41,5,10,0.0,Kredi Kartı,Tamamlandı,18-02-2026 04:26:27,20-02-2026 02:26:27,8984.74,3.8,Bronze,SEPET50,4.7,86
100918,96,Türknur Tevetoğlu,Kadın,29,İstanbul,Beşiktaş,5000,Samsung Galaxy A54 128GB,Elektronik,Samsung,19164.85,2,0,0.0,Havale/EFT,Tamamlandı,03-03-2026 19:16:20,06-03-2026 10:16:20,38329.7,5.5,Gold,,3.6,41
100919,310,Nurmelek Tarhan,Kadın,39,Konya,Meram,5018,Skechers Yürüyüş Ayakkabısı,Ayakkabı,Skechers,2385.25,2,20,0.0,Kredi Kartı,Tamamlandı,21-08-2024 06:24:09,13-08-2024 06:24:09,3816.4,4.2,Bronze,MAYIS25,3.9,33
100920,97,Demirok Manço,Erkek,36,Konya,Selçuklu,5012,,Giyim,Zara,1012.23,1,30,0.0,Kredi Kartı,Tamamlandı,28-01-2026 10:48:11,02-02-2026 23:48:11,708.56,0,Bronze,,4.4,20
100921,112,Bağdaş Yaman,Erkek,41,İzmir,Karşıyaka,5047,Mamas & Papas Bebek Bavulu,Anne & Bebek,Mamas & Papas,1992.62,1,20,0.0,Havale/EFT,Tamamlandı,13-11-2024 02:21:14,14-11-2024 04:21:14,1594.1,3.1,silver,,3.7,6
100922,318,Şemsinisa Şensoy,Kadın,150,Kayseri,Kocasinan,5005,Lenovo IdeaPad 3 Dizüstü Bilgisayar,Elektronik,Lenovo,21381.23,4,5,0.0,Dijital Cüzdan,Tamamlandı,23-04-2025 21:24:48,01-05-2025 08:24:48,81248.67,3.1,Bronze,,3.5,36
100923,348,Döner Ertaş,Kadın,40,Kocaeli,Gebze,5046,Chicco Bebek Arabası,Anne & Bebek,Chicco,6179.45,1,15,0.0,Kredi Kartı,Tamamlandı,14-10-2025 11:24:47,20-10-2025 10:24:47,5252.53,3.9,Gold,MAYIS25,4.2,313
100924,22,Doğanşah İnönü,Erkek,32,Konya,Meram,5029,Madame Coco Halı,Ev & Yaşam,Madame Coco,2079.97,1,15,0.0,Dijital Cüzdan,Tamamlandı,29-02-2025 08:00:00,21-09-2025 20:27:47,1767.97,3.9,Bronze,,2.8,11
100925,215,Metinkaya Karadeniz,Erkek,45,Kocaeli,İzmit,5050,Barbie Rüya Evi,Oyuncak,Barbie,2911.74,5,10,0.0,Kredi Kartı,Tamamlandı,09-04-2026 06:17:26,12-04-2026 00:17:26,13102.83,3.0,Gold,,3.9,69
100926,49,Müslum Kısakürek,Erkek,37,İstanbul,Beylikdüzü,5009,,Giyim,Koton,481.27,1,5,29.99,Kredi Kartı,İade,15-12-2025 10:06:34,17-12-2025 16:06:34,487.2,4.3,Gold,,5.0,9
100927,222,Enfes Eraslan,Kadın,18,İzmir,,5031,Tarz Mobilya Sehpa,Ev & Yaşam,Tarz,2372.19,1,25,0.0,Kredi Kartı,Tamamlandı,02-10-2025 22:07:47,06-10-2025 02:07:47,1779.14,4.0,Silver,KARGOBEDAVA,4.1,13
100928,214,Fenni Aksu,Erkek,23,İzmir,Karşıyaka,5040,Under Armour Koşu Tişörtü,Spor & Outdoor,Under Armour,-489.65,2,10,0.0,Kredi Kartı,Tamamlandı,11-10-2024 19:17:00,15-10-2024 05:17:00,881.37,4.5,Gold,,4.7,87
100929,190,Arcan Tarhan,Erkek,58,Antalya,Konyaaltı,5004,Sony WH-1000XM4 Kulaklık,Elektronik,Sony,7038.96,1,0,0.0,Dijital Cüzdan,Tamamlandı,17-04-2025 23:04:42,22-04-2025 07:04:42,7038.96,3.6,Gold,,4.8,91
100930,170,Altoğan Aksu,Erkek,38,Konya,Selçuklu,5020,Greyder Klasik Erkek Ayakkabı,Ayakkabı,Greyder,1368.96,2,20,0.0,Havale/EFT,Tamamlandı,11-02-2025 17:47:20,17-02-2025 08:47:20,2190.34,3.8,Gold,,5.8,14
100931,262,Güçlüer Çetin,Erkek,26,trabzon,Akçaabat,5048,Lego City Polis Seti,Oyuncak,Lego,889.01,1,5,0.0,Kredi Kartı,İptal,16-06-2026 09:41:06,17-06-2026 23:41:06,844.56,4.4,Gold,INDIRIM10,4.9,29
100435,365,Meşhur Erdoğan,Erkek,28,İstanbul,,5030,,Ev & Yaşam,Bellona,798.63,2,0,0.0,Kapıda Ödeme,Tamamlandı,28-10-2024 09:55:50,01-11-2024 00:55:50,1597.26,3.6,Silver,,4.3,287
100933,275,Akalan Ülker,Erkek,38,İstanbul,Şişli,5059,Pınar Süt 1L 12li Koli,Süpermarket,Pınar,291.83,1,15,29.99,Kredi Kartı,Tamamlandı,10-02-2025 13:41:24,15-02-2025 11:41:24,278.05,5.5,Bronze,,4.7,120
100934,153,Baki Yüksel,Erkek,33,Ankara,Keçiören,5018,Skechers Yürüyüş Ayakkabısı,Ayakkabı,Skechers,-1820.23,2,15,0.0,Kredi Kartı,Tamamlandı,30-10-2024 16:15:47,06-11-2024 04:15:47,3094.39,4.2,Bronze,,3.9,33
100935,228,Naz Bilir,Kadın,28,Kayseri,Melikgazi,5059,Pınar Süt 1L 12li Koli,,Pınar,269.15,1,10,49.99,Kredi Kartı,Tamamlandı,27-04-2025 00:37:02,28-04-2025 01:37:02,292.22,3.6,Silver,,4.7,128
100936,245,Çalım Manço,Kadın,52,Ankara,Yenimahalle,5053,Guess Kadın Çanta,Aksesuar,Guess,3436.65,2,10,0.0,Havale/EFT,Tamamlandı,01-05-2025 22:19:17,08-05-2025 23:19:17,6185.97,4.6,Silver,,4.1,-10
100937,290,Şelâle Zorlu,Kadın,18,kayseri,Melikgazi,5056,Ülker Albeni 12li Paket,Süpermarket,Ülker,75.35,2,10,49.99,Kredi Kartı,Tamamlandı,03-11-2024 03:43:22,08-11-2024 08:43:22,185.62,4.8,Bronze,,8,51
100938,48,Ercihan Aksu,Erkek,29,Kayseri,Kocasinan,5021,L'Oréal Paris Revitalift Serum,Kozmetik,L'Oréal,366.23,1,0,49.99,Kredi Kartı,Tamamlandı,20-03-2026 14:25:03,26-03-2026 18:25:03,416.22,3.2,Bronze,,3.1,175
100939,107,Semender Akça,ERKEK,44,İzmir,Konak,5048,Lego City Polis Seti,Oyuncak,Lego,1346.85,1,0,0.0,Havale/EFT,TAMAMLANDI,24-07-2024 23:24:26,01-08-2024 21:24:26,1346.85,4.5,Bronze,YAZ2026,4.9,25
100940,113,Tuğcan Güçlü,Erkek,28,Kayseri,Melikgazi,5055,CASIO DIJITAL KOL SAATI,Aksesuar,Casio,982.6,1,5,0.0,Havale/EFT,Tamamlandı,05-11-2025 10:32:43,09-11-2025 10:32:43,933.47,4.8,Gold,,3.0,47
100941,282,Zehranur Şama,Kadın,43,İstanbul,Şişli,5037,Decathlon Kamp Çadırı,Spor & Outdoor,Decathlon,-1228.8,1,5,0.0,Kredi Kartı,Tamamlandı,12-06-2025 18:32:15,19-06-2025 23:32:15,1167.36,3.9,Bronze,INDIRIM10,4.5,14
100942,4,Dündaralp Yaman,Erkek,51,Denizli,Merkezefendi,5017,Puma Smash V2,Ayakkabı,Puma,-1889.38,2,0,0.0,Kredi Kartı,Tamamlandı,09-05-2025 07:07:40,12-05-2025 15:07:40,7434.99,4.6,SILVER,SEPET50,3.8,32
100943,232,Temuçin Şafak,Erkek,26,İstanbul,Kartal,5041,Can Yayınları Roman Seti,Kitap & Hobi,Can Yayınları,334.37,3,0,0.0,Kredi Kartı,Tamamlandı,18-09-2024 07:29:06,21-09-2024 01:29:06,1003.11,4.2,BRONZE,,3.6,24
100944,354,Ğanim Gül,Erkek,19,Konya,Meram,5023,Maybelline Maskara,Kozmetik,Maybelline,226.38,2,0,39.99,Kredi Kartı,Tamamlandı,13-06-2024 07:52:47,20-06-2024 12:52:47,492.75,5.0,Bronze,,4.4,3
100945,256,Fehmiye İhsanoğlu,Kadın,36,Kocaeli,Gebze,5046,Chicco Bebek Arabası,,Chicco,5154.72,5,10,0.0,Kredi Kartı,Tamamlandı,27-12-2025 21:43:35,31-12-2025 18:43:35,23196.24,7,Bronze,,4.2,314
100946,40,,Kadın,35,Antalya,Muratpaşa,5054,Fossil Kol Saati,Aksesuar,Fossil,3249.92,1,0,0.0,Kredi Kartı,Tamamlandı,30-08-2025 13:53:13,06-09-2025 07:53:13,3249.92,2.9,Bronze,,4.7,11
100947,28,Aynilhayat Gül,Kadın,45,Ankara,Keçiören,5027,IKEA MALM Çalışma Masası,Ev & Yaşam,IKEA,3241.85,1,0,0.0,Havale/EFT,Tamamlandı,06-07-2024 04:22:18,09-07-2024 08:22:18,3241.85,4.7,Bronze,INDIRIM10,4.3,33
100948,326,Müşüre Çorlu,Kadın,54,Gaziantep,Şehitkamil,5056,Ülker Albeni 12li Paket,Süpermarket,Ülker,87.93,1,0,19.99,Havale/EFT,Tamamlandı,32-01-2025 12:00:00,19-01-2026 04:17:45,107.92,4.8,Bronze,MAYIS25,4.2,55
100949,33,Nevsale Durdu,Kadın,42,Gaziantep,Şehitkamil,5013,Pull&Bear Kapüşonlu Sweatshirt,Giyim,Pull&Bear,519.55,2,0,0.0,Kredi Kartı,İptal,31-11-2024 16:40:00,30-07-2025 00:22:20,1039.1,4.9,Bronze,,4.7,20
100950,33,Nevsale Durdu,Kadın,42,Kocaeli,Gebze,5045,Huggies Islak Mendil 12li,Anne & Bebek,Huggies,286.6,1,15,19.99,Havale/EFT,İade,10-12-2024 08:32:58,16-12-2024 22:32:58,263.6,4.9,Bronze,,3.8,162
100951,23,Halidun Sakarya,Erkek,18,Trabzon,Akçaabat,5035,Fakir Robot Süpürge,,Fakir,5118.65,1,0,0.0,Kapıda Ödeme,Tamamlandı,08-06-2025 03:13:08,13-06-2025 14:13:08,5118.65,3.7,Gold,,4.7,45
100952,279,Eşref Ergül,Erkek,28,İstanbul,Maltepe,5046,Chicco Bebek Arabası,Anne & Bebek,Chicco,5602.05,1,15,0.0,Kredi Kartı,Tamamlandı,17-07-2025 13:32:53,22-07-2025 00:32:53,4761.74,3.8,Bronze,,4.2,313
100953,345,Verde Ertaş,Kadın,41,Kayseri,Kocasinan,5043,Faber-Castell Boya Kalemi Seti,Kitap & Hobi,Faber-Castell,220.49,1,5,39.99,Kapıda Ödeme,TAMAMLANDI,03-06-2025 23:30:02,08-06-2025 13:30:02,249.46,4.4,Silver,,3.7,213
100954,85,Sadittin İnönü,Erkek,31,Trabzon,Akçaabat,5032,Karaca Tost Makinesi,Mutfak,Karaca,1067.32,5,0,0.0,Kredi Kartı,Tamamlandı,11-11-2024 20:53:15,14-11-2024 02:53:15,5336.6,0,Gold,,4.2,172
100955,42,Kapagan Ergül,Erkek,50,Eskişehir,Odunpazarı,5032,Karaca Tost Makinesi,Mutfak,Karaca,917.6,-4,10,0.0,Kredi Kartı,Tamamlandı,16-11-2024 08:15:24,23-11-2024 06:15:24,1651.68,3.8,Bronze,,4.2,173
100956,60,Yekda Hayrioğlu,Erkek,46,Ankara,Yenimahalle,5035,Fakir Robot Süpürge,Mutfak,Fakir,5092.78,2,15,0.0,Kredi Kartı,Tamamlandı,23-07-2025 03:52:29,25-07-2025 23:52:29,8657.73,4.6,Silver,,4.7,40
100957,356,Zülbiye Dumanlı,Kadın,36,Trabzon,Ortahisar,5045,Huggies Islak Mendil 12li,Anne & Bebek,Huggies,250.08,3,5,0.0,Kredi Kartı,Tamamlandı,13-08-2024 11:09:40,15-08-2024 23:09:40,712.73,4.0,Silver,INDIRIM10,3.8,160
100958,327,İlalmış Akça,Erkek,31,İstanbul,Şişli,5001,Apple iPhone 13 128GB,Elektronik,Apple,35129.76,-2,0,0.0,Kapıda Ödeme,Tamamlandı,08-08-2024 09:13:38,12-08-2024 12:13:38,35129.76,3.4,Bronze,,4.1,59
100959,339,Bilgen Şensoy,Erkek,21,İzmir,Çiğli,5019,Bambi Hakiki Deri Bot,Ayakkabı,Bambi,1440.22,1,0,0.0,Havale/EFT,i̇ptal,,18-03-2026 23:23:03,1440.22,5.0,Silver,,4.4,63
100960,256,Fehmiye İhsanoğlu,Kadın,36,Ankara,Çankaya,5016,Adidas Ultraboost 22,Ayakkabı,Adidas,5050.95,3,5,0.0,Kredi Kartı,Tamamlandı,07-05-2026 21:22:35,13-05-2026 08:22:35,14395.21,4.1,Bronze,,3.5,268
100961,252,Hurican Ülker,Kadın,18,Kocaeli,Gebze,5002,Xiaomi Redmi Note 12,Elektronik,Xiaomi,,-4,0,0.0,Kredi Kartı,Tamamlandı,07-02-2025 22:59:05,09-02-2025 12:59:05,34109.07,4.4,Bronze,HOSGELDIN15,5.0,122
100962,310,Nurmelek Tarhan,Kadın,39,Kocaeli,İzmit,5020,Greyder Klasik Erkek Ayakkabı,Ayakkabı,Greyder,1085.89,3,20,0.0,Kredi Kartı,Tamamlandı,11-06-2024 04:40:27,17-06-2024 01:40:27,2606.14,4.2,Bronze,,4.1,17
100963,228,Naz Bilir,Kadın,28,İstanbul,Üsküdar,5029,Madame Coco Halı,Ev & Yaşam,MADAME COCO,1474.74,2,15,0.0,Kredi Kartı,Tamamlandı,,17-02-2025 19:19:23,2507.06,3.6,Silver,,2.8,7
100964,232,Temuçin Şafak,ERKEK,26,Ankara,Keçiören,5002,Xiaomi Redmi Note 12,Elektronik,Xiaomi,9016.0,1,0,0.0,Kredi Kartı,İptal,21-12-2024 17:33:15,26-12-2024 00:33:15,9016.0,4.2,Bronze,SEPET50,5.0,129
100965,91,Yelesen Eraslan,Erkek,40,Kayseri,Melikgazi,5019,Bambi Hakiki Deri Bot,,Bambi,1327.87,1,10,0.0,Kapıda Ödeme,Tamamlandı,30-08-2025 04:13:36,31-08-2025 09:13:36,,3.6,Bronze,SEPET50,4.4,72
100966,289,Minibe Şafak,Kadın,36,İstanbul,Beylikdüzü,5023,Maybelline Maskara,kozmetik,Maybelline,259.43,1,10,39.99,Havale/EFT,Tamamlandı,29-09-2025 01:13:15,02-10-2025 14:13:15,273.48,4.6,Silver,,4.4,6
100967,35,Arifcan Türk,Erkek,37,İstanbul,Bakırköy,5056,Ülker Albeni 12li Paket,Süpermarket,Ülker,88.46,1,5,29.99,Dijital Cüzdan,İptal,02-10-2024 00:52:40,04-10-2024 02:52:40,,3.7,Bronze,,4.2,58
100968,101,Abdiş Tevetoğlu,Erkek,37,İzmir,Çiğli,5023,Maybelline Maskara,Kozmetik,Maybelline,235.74,1,25,29.99,Havale/EFT,Tamamlandı,11-07-2024 08:27:21,13-07-2024 12:27:21,206.8,4.4,Silver,SEPET50,4.4,6
100969,6,Ulutay Korutürk,Erkek,28,Ankara,,5050,Barbie Rüya Evi,Oyuncak,Barbie,,2,0,0.0,Kredi Kartı,tamamlandı,19-10-2024 11:38:01,22-10-2024 02:38:01,5031.64,3.8,Bronze,,3.9,69
100970,340,Uçan Yılmaz,Erkek,44,İzmir,,5013,Pull&Bear Kapüşonlu Sweatshirt,Giyim,Pull&Bear,529.71,1,10,19.99,Kredi Kartı,Tamamlandı,05-11-2025 05:17:38,12-11-2025 07:17:38,496.73,4.9,Platinum,,4.7,11
100643,290,Şelâle Zorlu,Kadın,18,İstanbul,Ataşehir,5053,Guess Kadın Çanta,Aksesuar,Guess,3313.31,4,15,0.0,Kredi Kartı,Tamamlandı,14-07-2024 11:40:06,21-07-2024 23:40:06,11265.25,4.8,Bronze,SEPET50,4.1,15
100972,201,Kaver Gülen,Kadın,18,İzmir,Bornova,5047,Mamas & Papas Bebek Bavulu,Anne & Bebek,Mamas & Papas,2526.01,1,25,0.0,Kredi Kartı,Tamamlandı,13-03-2026 05:43:35,16-03-2026 00:43:35,1894.51,0,Silver,,3.7,13
100973,39,Cevale Kısakürek,Kadın,34,İzmir,Konak,5026,Bioderma Sensibio Micellar Su,Kozmetik,Bioderma,307.96,1,20,29.99,Kapıda Ödeme,Tamamlandı,12-03-2025 14:19:06,16-03-2025 04:19:06,276.36,3.9,Bronze,,4.6,173
100974,156,Berksay Şafak,Erkek,-1,ESKIŞEHIR,Tepebaşı,5058,Torku Zeytinyağı 5L,Süpermarket,Torku,777.04,4,5,0.0,Kredi Kartı,İptal,06-05-2026 21:27:54,12-05-2026 18:27:54,2952.75,4.8,Silver,,4.1,10
100975,294,Seblâ Yılmaz,Kadın,,i̇stanbul,Maltepe,5005,Lenovo IdeaPad 3 Dizüstü Bilgisayar,Elektronik,Lenovo,21494.26,5,5,0.0,Havale/EFT,Tamamlandı,07-03-2026 09:45:55,10-03-2026 18:45:55,102097.73,0.0,Silver,,3.5,30
100976,161,Zümre Sakarya,Kadın,,Denizli,Merkezefendi,5058,Torku Zeytinyağı 5L,Süpermarket,,759.85,1,25,0.0,Kredi Kartı,TAMAMLANDI,24-04-2026 14:59:01,27-04-2026 22:59:01,569.89,4.5,Platinum,,4.1,10
100977,338,Pürçek Yüksel,Kadın,18,İstanbul,Kartal,5056,Ülker Albeni 12li Paket,Süpermarket,Ülker,83.61,3,10,29.99,Havale/EFT,Tamamlandı,08-12-2025 20:07:50,12-12-2025 02:07:50,255.74,3.6,Bronze,,4.2,57
100978,267,Bozerk Çetin,Erkek,33,İstanbul,Bakırköy,5040,Under Armour Koşu Tişörtü,Spor & Outdoor,Under Armour,511.76,2,10,0.0,Kredi Kartı,İptal,22-10-2025 13:39:11,25-10-2025 01:39:11,921.17,3.4,Silver,,4.7,89
100979,291,Barışcan Kısakürek,Erkek,37,İzmir,Karşıyaka,5009,Koton Erkek Slim Fit Kot Pantolon,Giyim,Koton,476.42,1,0,49.99,Kapıda Ödeme,İade,04-06-2024 02:25:22,06-06-2024 10:25:22,526.41,3.9,Gold,,5.0,9
100980,282,Zehranur Şama,Kadın,43,Antalya,Konyaaltı,5032,Karaca Tost Makinesi,Mutfak,Karaca,926.98,1,0,,Kredi Kartı,İade,,04-02-2026 16:56:06,926.98,3.9,Bronze,YAZ2026,4.2,168
100981,93,Gözem Zorlu,Kadın,31,İstanbul,Kadıköy,5002,Xiaomi Redmi Note 12,Elektronik,Xiaomi,10965.11,1,5,0.0,Kredi Kartı,Tamamlandı,05-05-2026 15:24:38,07-05-2026 16:24:38,10416.85,4.5,Silver,,5.0,128
100982,31,Karlukhan Çorlu,Erkek,28,İstanbul,Maltepe,5039,Adidas Spor Çanta,Spor & Outdoor,Adidas,987.83,1,0,0.0,Kredi Kartı,Tamamlandı,01-03-2025 20:07:12,05-03-2025 03:07:12,,4.0,Silver,MAYIS25,4.0,16
100983,163,Salami Karadeniz,Erkek,22,Kayseri,Melikgazi,5051,Fisher-Price Aktivite Masası,Oyuncak,Fisher-Price,1383.2,1,5,,Kredi Kartı,Tamamlandı,06-01-2026 22:21:35,10-01-2026 13:21:35,1314.04,3.4,Gold,INDIRIM10,3.7,11
100984,114,Sarıcabay Aksu,Erkek,34,İstanbul,Kartal,5010,Mavi Jeans Skinny Kot Pantolon,Giyim,Mavi,912.16,4,0,0.0,Kredi Kartı,Tamamlandı,20-08-2025 21:06:14,28-08-2025 16:06:14,3648.64,3.5,Bronze,,4.5,28
100985,110,Behiza İnönü,Kadın,28,İstanbul,Beşiktaş,5026,Bioderma Sensibio Micellar Su,Kozmetik,Bioderma,385.49,1,15,49.99,Kapıda Ödeme,Tamamlandı,24-06-2024 19:42:24,02-07-2024 03:42:24,377.66,4.1,Bronze,SEPET50,4.6,175
100986,224,Deniz Korutürk,Kadın,38,Mersin,Toroslar,5020,Greyder Klasik Erkek Ayakkabı,Ayakkabı,Greyder,912.43,2,5,0.0,Kredi Kartı,Tamamlandı,26-10-2024 02:48:59,01-11-2024 00:48:59,,3.5,Gold,,4.1,11
100987,207,Selatin Sakarya,Erkek,18,İstanbul,Maltepe,5022,Flormar Likit Fondöten,Kozmetik,Flormar,190.51,1,0,29.99,Kredi Kartı,İptal,25-06-2024 20:30:34,28-06-2024 16:30:34,220.5,4.9,Gold,,4.3,94
100988,366,Macide Yüksel,Kadın,36,Mersin,Toroslar,5036,Korkmaz Tencere Seti,Mutfak,Korkmaz,2579.7,1,5,0.0,Havale/EFT,İptal,31-08-2024 15:55:25,04-09-2024 02:55:25,2450.71,3.5,Platinum,HOSGELDIN15,4.0,14
100989,246,Melihcan Yaman,Erkek,33,İstanbul,Şişli,5054,Fossil Kol Saati,Aksesuar,Fossil,4136.79,2,,0.0,Kredi Kartı,Tamamlandı,26-06-2025 13:16:25,27-06-2025 20:16:25,7859.9,5.0,Bronze, INDIRIM10 ,4.7,11
100990,316,Gülözge Şafak,Kadın,18,Konya,Selçuklu,5016,Adidas Ultraboost 22,Ayakkabı,Adidas,4118.88,4,5,0.0,Kredi Kartı,İptal,13-03-2025 06:46:22,15-03-2025 19:46:22,15651.74,5.0,Platinum,MAYIS25,3.5,259
100991,119,Yurttaş Sezer,Erkek,18,Trabzon,Ortahisar,5036,Korkmaz Tencere Seti,Mutfak,,2920.08,3,25,0.0,Dijital Cüzdan,Tamamlandı,14-12-2025 17:07:16,,6570.18,4.2,Silver,INDIRIM10,4.0,19
100992,365,Meşhur Erdoğan,Erkek,28,İstanbul,Beşiktaş,5017,Puma Smash V2,Ayakkabı,Puma,2072.1,1,0,0.0,Kredi Kartı,,11-06-2026 06:30:51,13-06-2026 23:30:51,2072.1,3.6,Silver,,3.8,31
100993,5,Zamir Sakarya,Erkek,28,Ankara,Keçiören,5049,Hot Wheels Araba Seti 10lu,Oyuncak,Hot Wheels,468.08,,5,0.0,Kapıda Ödeme,Tamamlandı,19-11-2024 01:45:36,23-11-2024 05:45:36,1334.03,4.4,Bronze,,3.4,83
100994,312,Özyurt Hançer,Kadın,54,Eskişehir,Tepebaşı,5029,Madame Coco Halı,Ev & Yaşam,Madame Coco,1445.79,1,0,0.0,Kredi Kartı,Tamamlandı,14-07-2024 02:26:31,18-07-2024 06:26:31,1445.79,4.9,Bronze,KARGOBEDAVA,2.8,13
100995,251,Neslinur Bilir,Kadın,44,Konya,MERAM,5035,Fakir Robot Süpürge,Mutfak,Fakir,4420.5,1,5,0.0,Dijital Cüzdan,İade,05/29/2025 22:02:46,04-06-2025 20:02:46,4199.48,5.0,Bronze,,4.7,44
100996,129,Duruk Yılmaz,Erkek,47,Bursa,Nilüfer,5010,Mavi Jeans Skinny Kot Pantolon,Giyim,Mavi,23216.71,1,15,0.0,Kredi Kartı,Tamamlandı,12-06-2025 10:51:57,14-06-2025 05:51:57,659.69,3.7,Bronze,,4.5,27
100997,193,Üge Yüksel,Kadın,25,Ankara,Çankaya,5020,Greyder Klasik Erkek Ayakkabı,AYAKKABI,Greyder,1192.33,3,0,0.0,Kapıda Ödeme,Tamamlandı,04-09-2025 21:29:48,12-09-2025 20:29:48,3576.99,4.2,Silver,HOSGELDIN15,4.1,15
100998,126,Naide Yıldırım,Kadın,20,İstanbul,Şişli,5057,Eti Crax Kraker 24lü Kutu,Süpermarket,Eti,180.73,1,5,49.99,Kredi Kartı,Tamamlandı,12-10-2024 15:08:19,13-10-2024 22:08:19,221.68,,Bronze,,4.6,57
100999,52,Mübetcel Karadeniz,Kadın,30,Ankara,Çankaya,5022,Flormar Likit Fondöten,Kozmetik,Flormar,196.51,1,10,49.99,Kredi Kartı,Tamamlandı,07-11-2025 20:05:00,11-11-2025 21:05:00,226.85,3.6,Silver,,4.3,94
101000,,Arifcan Türk,Erkek,37,Ankara,Keçiören,5019,Bambi Hakiki Deri Bot,Ayakkabı,Bambi,1845.39,1,30,0.0,,Tamamlandı,04-03-2025 02:10:49,05-03-2025 18:10:49,1291.77,3.7,Bronze,MAYIS25,4.4,68
